-- phpMyAdmin SQL Dump
-- version 5.0.2
-- https://www.phpmyadmin.net/
--
-- Host: 127.0.0.1
-- Generation Time: Aug 10, 2020 at 08:06 PM
-- Server version: 10.4.13-MariaDB
-- PHP Version: 7.4.8

SET SQL_MODE = "NO_AUTO_VALUE_ON_ZERO";
START TRANSACTION;
SET time_zone = "+00:00";


/*!40101 SET @OLD_CHARACTER_SET_CLIENT=@@CHARACTER_SET_CLIENT */;
/*!40101 SET @OLD_CHARACTER_SET_RESULTS=@@CHARACTER_SET_RESULTS */;
/*!40101 SET @OLD_COLLATION_CONNECTION=@@COLLATION_CONNECTION */;
/*!40101 SET NAMES utf8mb4 */;

--
-- Database: `foozi1`
--

-- --------------------------------------------------------

--
-- Table structure for table `accounts`
--

CREATE TABLE `accounts` (
  `User_Name` varchar(20) NOT NULL,
  `Active` bit(1) NOT NULL,
  `Password` varchar(20) NOT NULL,
  `User_Role` varchar(20) NOT NULL,
  `email` varchar(50) NOT NULL,
  `confirmPassword` varchar(20) NOT NULL
) ENGINE=InnoDB DEFAULT CHARSET=utf8mb4;

--
-- Dumping data for table `accounts`
--

INSERT INTO `accounts` (`User_Name`, `Active`, `Password`, `User_Role`, `email`, `confirmPassword`) VALUES
('1', b'1', '1', 'EMPLOYEE', 'hahahah@gmai.com', '1'),
('12', b'1', '2', 'EMPLOYEE', '1', '2'),
('das', b'1', 'asda', 'EMPLOYEE', 'sadasd', 'saasd'),
('employee1', b'1', '123', 'EMPLOYEE', '0', '0'),
('fa1', b'1', '123', 'EMPLOYEE', 'hahahah@gmai.com', '123'),
('faezeh', b'1', '123', 'EMPLOYEE', 'moqadamfaezeh1@gmail.com', '123'),
('faezeh1', b'1', '123', 'EMPLOYEE', 'qwesdas@gmail.com', 'qweq'),
('faezeh1weq', b'1', 'xzczx', 'EMPLOYEE', 'haaaah@gmail.com', 'zxz'),
('faezehsdf', b'1', '123', 'EMPLOYEE', 'ASDASD@GMAIL.COM', '123'),
('fz123', b'1', '123', 'EMPLOYEE', 'fz123@kll.com', '123'),
('manager1', b'1', '123', 'MANAGER', '0', '0'),
('sd', b'1', '123', 'EMPLOYEE', 'a', '123'),
('wahwah', b'1', 'wahwah', 'EMPLOYEE', 'wahawh@gmail.com', 'wahwah');

-- --------------------------------------------------------

--
-- Table structure for table `discount`
--

CREATE TABLE `discount` (
  `code` varchar(8) NOT NULL,
  `amount` int(15) NOT NULL
) ENGINE=InnoDB DEFAULT CHARSET=utf8mb4;

--
-- Dumping data for table `discount`
--

INSERT INTO `discount` (`code`, `amount`) VALUES
('dis1', 12),
('1', 123),
('15', 1),
('t1399', 5);

-- --------------------------------------------------------

--
-- Table structure for table `orders`
--

CREATE TABLE `orders` (
  `ID` varchar(50) NOT NULL,
  `Amount` double NOT NULL,
  `User_Name` varchar(30) NOT NULL,
  `Customer_Address` varchar(255) NOT NULL,
  `Customer_Email` varchar(128) NOT NULL,
  `Customer_Name` varchar(255) NOT NULL,
  `Customer_Phone` varchar(128) NOT NULL,
  `Order_Date` datetime NOT NULL,
  `Order_Num` int(11) NOT NULL
) ENGINE=InnoDB DEFAULT CHARSET=utf8mb4;

--
-- Dumping data for table `orders`
--

INSERT INTO `orders` (`ID`, `Amount`, `User_Name`, `Customer_Address`, `Customer_Email`, `Customer_Name`, `Customer_Phone`, `Order_Date`, `Order_Num`) VALUES
('01d89f60-b0ab-4211-ab7a-e18a9fa5ddd8', 40, 'faezeh', 'asdadsa', 'haaaah@gmail.com', 'aaaa', '12342423', '2020-08-09 20:31:38', 10),
('36c970c2-e434-4404-a717-5bf8ae92569f', 20, 'faezeh', 'asdas', 'hahahah@gmai.com', 'mm', '12342423', '2020-08-09 18:54:21', 4),
('3d96ecfe-f22d-4cab-ac17-e1aa5e0d85fc', 52, 'fz123', 'lkjhgfdddds', 'aasda@gmail.com', 'cfjksdj', '564646456', '2020-08-09 20:24:50', 9),
('41b65e48-f5d0-4338-899d-499f642b16f8', 40, 'faezeh', 'xscsdf', 'aswejfe@gmail.com', 'cfjksdj', '32424523532', '2020-08-09 18:50:12', 3),
('48470c11-a800-42f1-a0c5-13097b9194fb', 50, 'faezeh', 'asdaod askd', 'aasda@gmail.com', 'axasxs', '12342423', '2020-08-10 17:34:46', 15),
('485e1ac8-655c-41fc-9c15-b51c135176f5', 20, 'faezeh', 'lkjh', 'hahahah@gmai.com', 'lkjh', '098765', '2020-08-09 19:02:13', 5),
('78c6c5e2-3d97-49f7-b9de-428b5abd036e', 20, 'faezeh', 'asdaod askd', 'aasda@gmail.com', 'cfjksdj', '098765', '2020-08-09 21:10:53', 12),
('954dcbc6-0053-4883-9d65-c602e651ddd2', 52, 'manager1', 'asdadsa', 'aasda@gmail.com', 'hgfd', '1234567889', '2020-08-10 22:23:52', 17),
('9a0bd09c-c037-47d8-8879-054fac695bed', 20, 'faezeh', 'asdaod askd', 'haaaah@gmail.com', 'lkjhgf', '12342423', '2020-08-09 21:06:00', 11),
('a0fbb468-4dec-41f4-8b77-0c66539d79c6', 20, '', 'Space', 'hahahah@gmai.com', 'faezeh', '98889989898', '2020-08-09 17:08:34', 1),
('aae20e19-e0e9-42f2-9535-1a233e81cdd1', 16, 'faezeh', 'asdaod askd', 'haaaah@gmail.com', 'bbbbaaa', '12342423', '2020-08-09 19:44:45', 6),
('b76986a7-a5cc-4427-a7fd-e88ae863a712', 20, 'fz123', 'asdadsa', 'haaaah@gmail.com', 'bbbbaaa', '564646456', '2020-08-09 20:23:04', 8),
('bddedf29-fbd6-4579-8738-78acdae66456', 38, 'faezeh', 'asdaod askd', 'haaaah@gmail.com', 'qww', '12342423', '2020-08-10 17:43:54', 16),
('cba775b4-a540-44c0-91c8-efe12b4bb107', 36, 'fz123', 'lkjhgfd', 'haaaah@gmail.com', 'faezeh', '876543', '2020-08-09 20:21:27', 7),
('cc500c5c-f26e-4295-b5a6-8e8f7b149811', 20, 'faezeh', 'asdadsa', 'haaaah@gmail.com', 'hoooh', '9874561', '2020-08-09 18:33:53', 2),
('cdfb9bab-8af7-4923-98fd-a044ac533fc0', 56, 'faezeh', 'DASFASF', 'aasda@gmail.com', 'afasd', '12342353456', '2020-08-10 09:07:06', 13),
('d0a2be42-ba80-4f0c-a955-6f92d08d0c6c', 19, 'manager1', 'asdadsa', 'ASDASD@GMAIL.COM', 'cfjksdj', '12342423', '2020-08-10 13:14:39', 14);

-- --------------------------------------------------------

--
-- Table structure for table `order_details`
--

CREATE TABLE `order_details` (
  `ID` varchar(50) NOT NULL,
  `Amount` double NOT NULL,
  `Price` double NOT NULL,
  `Quanity` int(11) NOT NULL,
  `ORDER_ID` varchar(50) NOT NULL,
  `PRODUCT_ID` varchar(20) NOT NULL
) ENGINE=InnoDB DEFAULT CHARSET=utf8mb4;

--
-- Dumping data for table `order_details`
--

INSERT INTO `order_details` (`ID`, `Amount`, `Price`, `Quanity`, `ORDER_ID`, `PRODUCT_ID`) VALUES
('073c374a-ba47-4295-a773-32f0cebe4854', 20, 20, 1, '36c970c2-e434-4404-a717-5bf8ae92569f', '15,15'),
('19a9d3a7-2d00-4735-ad44-5cc064844dd8', 50, 50, 1, 'bddedf29-fbd6-4579-8738-78acdae66456', '89'),
('239acb1b-aaa1-4fcf-b0a4-d1da0e3b3a43', 20, 20, 1, 'd0a2be42-ba80-4f0c-a955-6f92d08d0c6c', '15'),
('2d2343c6-4dfd-43f0-a9e1-8e4bdc5614fb', 16, 16, 1, 'aae20e19-e0e9-42f2-9535-1a233e81cdd1', '16'),
('33bf1826-04a8-42b2-a646-3671aa500e56', 20, 20, 1, '9a0bd09c-c037-47d8-8879-054fac695bed', '15,15'),
('4bc81979-0861-4b47-bb7d-cfcc0bd3e38a', 20, 20, 1, '01d89f60-b0ab-4211-ab7a-e18a9fa5ddd8', '15,15'),
('4cf9fd34-61cb-4ddf-949d-6f7a865b804a', 16, 16, 1, 'cba775b4-a540-44c0-91c8-efe12b4bb107', '16'),
('4e718f60-6c05-4c7e-b9f1-84dfd21c122b', 20, 20, 1, 'cc500c5c-f26e-4295-b5a6-8e8f7b149811', '15,15'),
('556aa4c9-40be-4562-85f4-e1edb9041e8a', 20, 20, 1, '3d96ecfe-f22d-4cab-ac17-e1aa5e0d85fc', '15,15'),
('5cc20cf9-de33-4386-9393-198ceeedba92', 16, 16, 1, 'cdfb9bab-8af7-4923-98fd-a044ac533fc0', '16'),
('84c54867-8be2-448c-a79b-939fe2b87909', 20, 20, 1, 'a0fbb468-4dec-41f4-8b77-0c66539d79c6', '15,15'),
('8cf9b7ed-f680-4a08-b9a2-5912b5ab6a93', 20, 20, 1, 'cdfb9bab-8af7-4923-98fd-a044ac533fc0', '15,15'),
('974ba859-18eb-4e06-b3be-74f769b06092', 20, 20, 1, '78c6c5e2-3d97-49f7-b9de-428b5abd036e', '15,15'),
('bef065f2-dedc-4131-948c-a0ac99d7dc6a', 52, 52, 1, '954dcbc6-0053-4883-9d65-c602e651ddd2', '89'),
('c01ad10b-ef95-41d9-9b55-04554c9ff82d', 20, 20, 1, 'b76986a7-a5cc-4427-a7fd-e88ae863a712', '15,15'),
('d43764a1-5fb0-448f-bd88-308d09f07371', 20, 20, 1, 'cba775b4-a540-44c0-91c8-efe12b4bb107', '15,15'),
('d4d13b49-9f70-4972-8439-c8b66c2e4b8c', 20, 20, 1, 'cdfb9bab-8af7-4923-98fd-a044ac533fc0', '15'),
('d821a99b-a84d-430c-aaa0-8b89477ebc42', 20, 20, 1, '01d89f60-b0ab-4211-ab7a-e18a9fa5ddd8', '15'),
('e4631995-f93d-422c-89eb-cfb720ba0058', 40, 20, 2, '41b65e48-f5d0-4338-899d-499f642b16f8', '15,15'),
('e9268259-8d8a-46b4-8a7e-119f816ff831', 32, 16, 2, '3d96ecfe-f22d-4cab-ac17-e1aa5e0d85fc', '16'),
('f2807c0b-7f01-439a-8fde-8d3ed8c56b08', 50, 50, 1, '48470c11-a800-42f1-a0c5-13097b9194fb', '89'),
('fd06e425-829d-4c23-bcd8-0531cc92f8b6', 20, 20, 1, '485e1ac8-655c-41fc-9c15-b51c135176f5', '15,15');

-- --------------------------------------------------------

--
-- Table structure for table `products`
--

CREATE TABLE `products` (
  `Code` varchar(20) NOT NULL,
  `Create_Date` datetime NOT NULL,
  `Image` longblob DEFAULT NULL,
  `Name` varchar(255) NOT NULL,
  `Price` double NOT NULL,
  `category` varchar(30) NOT NULL,
  `Fee` varchar(8) NOT NULL,
  `exist` bit(1) NOT NULL
) ENGINE=InnoDB DEFAULT CHARSET=utf8mb4;

--
-- Dumping data for table `products`
--

INSERT INTO `products` (`Code`, `Create_Date`, `Image`, `Name`, `Price`, `category`, `Fee`, `exist`) VALUES
('123', '2020-08-10 17:27:40', NULL, 'sada', 0, 'food', 'number', b'0'),
('12321', '2020-08-10 17:29:39', NULL, 'shoosseew', 90, 'food', 'number', b'0'),
('15', '2020-08-09 16:00:09', NULL, 'pizza', 20, 'food', 'number', b'0'),
('15,15', '2020-08-09 16:00:18', NULL, 'pizza', 20, 'food', 'number', b'0'),
('16', '2020-08-09 16:00:43', NULL, 'hotDog', 16, 'food', 'number', b'0'),
('89', '2020-08-10 17:32:39', NULL, 'shoss', 52, 'other', 'number', b'1');
INSERT INTO `products` (`Code`, `Create_Date`, `Image`, `Name`, `Price`, `category`, `Fee`, `exist`) VALUES
('89,89', '2020-08-10 17:32:55', 0xffd8ffe000104a46494600010101004800480000ffe20c584943435f50524f46494c4500010100000c484c696e6f021000006d6e74725247422058595a2007ce00020009000600310000616373704d5346540000000049454320735247420000000000000000000000000000f6d6000100000000d32d4850202000000000000000000000000000000000000000000000000000000000000000000000000000000000000000000000001163707274000001500000003364657363000001840000006c77747074000001f000000014626b707400000204000000147258595a00000218000000146758595a0000022c000000146258595a0000024000000014646d6e640000025400000070646d6464000002c400000088767565640000034c0000008676696577000003d4000000246c756d69000003f8000000146d6561730000040c0000002474656368000004300000000c725452430000043c0000080c675452430000043c0000080c625452430000043c0000080c7465787400000000436f70797269676874202863292031393938204865776c6574742d5061636b61726420436f6d70616e790000646573630000000000000012735247422049454336313936362d322e31000000000000000000000012735247422049454336313936362d322e31000000000000000000000000000000000000000000000000000000000000000000000000000000000000000000000000000058595a20000000000000f35100010000000116cc58595a200000000000000000000000000000000058595a200000000000006fa2000038f50000039058595a2000000000000062990000b785000018da58595a2000000000000024a000000f840000b6cf64657363000000000000001649454320687474703a2f2f7777772e6965632e636800000000000000000000001649454320687474703a2f2f7777772e6965632e63680000000000000000000000000000000000000000000000000000000000000000000000000000000000000000000064657363000000000000002e4945432036313936362d322e312044656661756c742052474220636f6c6f7572207370616365202d207352474200000000000000000000002e4945432036313936362d322e312044656661756c742052474220636f6c6f7572207370616365202d20735247420000000000000000000000000000000000000000000064657363000000000000002c5265666572656e63652056696577696e6720436f6e646974696f6e20696e2049454336313936362d322e3100000000000000000000002c5265666572656e63652056696577696e6720436f6e646974696f6e20696e2049454336313936362d322e31000000000000000000000000000000000000000000000000000076696577000000000013a4fe00145f2e0010cf140003edcc0004130b00035c9e0000000158595a2000000000004c09560050000000571fe76d6561730000000000000001000000000000000000000000000000000000028f0000000273696720000000004352542063757276000000000000040000000005000a000f00140019001e00230028002d00320037003b00400045004a004f00540059005e00630068006d00720077007c00810086008b00900095009a009f00a400a900ae00b200b700bc00c100c600cb00d000d500db00e000e500eb00f000f600fb01010107010d01130119011f0125012b01320138013e0145014c0152015901600167016e0175017c0183018b0192019a01a101a901b101b901c101c901d101d901e101e901f201fa0203020c0214021d0226022f02380241024b0254025d02670271027a0284028e029802a202ac02b602c102cb02d502e002eb02f50300030b03160321032d03380343034f035a03660372037e038a039603a203ae03ba03c703d303e003ec03f9040604130420042d043b0448045504630471047e048c049a04a804b604c404d304e104f004fe050d051c052b053a05490558056705770586059605a605b505c505d505e505f6060606160627063706480659066a067b068c069d06af06c006d106e306f507070719072b073d074f076107740786079907ac07bf07d207e507f8080b081f08320846085a086e0882089608aa08be08d208e708fb09100925093a094f09640979098f09a409ba09cf09e509fb0a110a270a3d0a540a6a0a810a980aae0ac50adc0af30b0b0b220b390b510b690b800b980bb00bc80be10bf90c120c2a0c430c5c0c750c8e0ca70cc00cd90cf30d0d0d260d400d5a0d740d8e0da90dc30dde0df80e130e2e0e490e640e7f0e9b0eb60ed20eee0f090f250f410f5e0f7a0f960fb30fcf0fec1009102610431061107e109b10b910d710f511131131114f116d118c11aa11c911e81207122612451264128412a312c312e31303132313431363138313a413c513e5140614271449146a148b14ad14ce14f01512153415561578159b15bd15e0160316261649166c168f16b216d616fa171d17411765178917ae17d217f7181b18401865188a18af18d518fa19201945196b199119b719dd1a041a2a1a511a771a9e1ac51aec1b141b3b1b631b8a1bb21bda1c021c2a1c521c7b1ca31ccc1cf51d1e1d471d701d991dc31dec1e161e401e6a1e941ebe1ee91f131f3e1f691f941fbf1fea20152041206c209820c420f0211c2148217521a121ce21fb22272255228222af22dd230a23382366239423c223f0241f244d247c24ab24da250925382568259725c725f726272657268726b726e827182749277a27ab27dc280d283f287128a228d429062938296b299d29d02a022a352a682a9b2acf2b022b362b692b9d2bd12c052c392c6e2ca22cd72d0c2d412d762dab2de12e162e4c2e822eb72eee2f242f5a2f912fc72ffe3035306c30a430db3112314a318231ba31f2322a3263329b32d4330d3346337f33b833f1342b3465349e34d83513354d358735c235fd3637367236ae36e937243760379c37d738143850388c38c839053942397f39bc39f93a363a743ab23aef3b2d3b6b3baa3be83c273c653ca43ce33d223d613da13de03e203e603ea03ee03f213f613fa23fe24023406440a640e74129416a41ac41ee4230427242b542f7433a437d43c044034447448a44ce45124555459a45de4622466746ab46f04735477b47c04805484b489148d7491d496349a949f04a374a7d4ac44b0c4b534b9a4be24c2a4c724cba4d024d4a4d934ddc4e254e6e4eb74f004f494f934fdd5027507150bb51065150519b51e65231527c52c75313535f53aa53f65442548f54db5528557555c2560f565c56a956f75744579257e0582f587d58cb591a596959b85a075a565aa65af55b455b955be55c355c865cd65d275d785dc95e1a5e6c5ebd5f0f5f615fb36005605760aa60fc614f61a261f56249629c62f06343639763eb6440649464e9653d659265e7663d669266e8673d679367e9683f689668ec6943699a69f16a486a9f6af76b4f6ba76bff6c576caf6d086d606db96e126e6b6ec46f1e6f786fd1702b708670e0713a719571f0724b72a67301735d73b87414747074cc7528758575e1763e769b76f8775677b37811786e78cc792a798979e77a467aa57b047b637bc27c217c817ce17d417da17e017e627ec27f237f847fe5804780a8810a816b81cd8230829282f4835783ba841d848084e3854785ab860e867286d7873b879f8804886988ce8933899989fe8a648aca8b308b968bfc8c638cca8d318d988dff8e668ece8f368f9e9006906e90d6913f91a89211927a92e3934d93b69420948a94f4955f95c99634969f970a977597e0984c98b89924999099fc9a689ad59b429baf9c1c9c899cf79d649dd29e409eae9f1d9f8b9ffaa069a0d8a147a1b6a226a296a306a376a3e6a456a4c7a538a5a9a61aa68ba6fda76ea7e0a852a8c4a937a9a9aa1caa8fab02ab75abe9ac5cacd0ad44adb8ae2daea1af16af8bb000b075b0eab160b1d6b24bb2c2b338b3aeb425b49cb513b58ab601b679b6f0b768b7e0b859b8d1b94ab9c2ba3bbab5bb2ebba7bc21bc9bbd15bd8fbe0abe84beffbf7abff5c070c0ecc167c1e3c25fc2dbc358c3d4c451c4cec54bc5c8c646c6c3c741c7bfc83dc8bcc93ac9b9ca38cab7cb36cbb6cc35ccb5cd35cdb5ce36ceb6cf37cfb8d039d0bad13cd1bed23fd2c1d344d3c6d449d4cbd54ed5d1d655d6d8d75cd7e0d864d8e8d96cd9f1da76dafbdb80dc05dc8add10dd96de1cdea2df29dfafe036e0bde144e1cce253e2dbe363e3ebe473e4fce584e60de696e71fe7a9e832e8bce946e9d0ea5beae5eb70ebfbec86ed11ed9cee28eeb4ef40efccf058f0e5f172f1fff28cf319f3a7f434f4c2f550f5def66df6fbf78af819f8a8f938f9c7fa57fae7fb77fc07fc98fd29fdbafe4bfedcff6dffffffdb0084000203030304030405050406060606060808070708080d090a090a090d130c0e0c0c0e0c131114110f1114111e181515181e231d1c1d232a25252a35323545455c010203030304030405050406060606060808070708080d090a090a090d130c0e0c0c0e0c131114110f1114111e181515181e231d1c1d232a25252a35323545455cffc200110802bc041a03012200021101031101ffc4001e0000000603010100000000000000000000000102030405060708090affda0008010100000000f5448dd0900c9a663566378662306f338cd3209ef2d6a009b71d4865014b350499a12869001b860111250488b5f5d112f4c94b06b0b049084b5135f7144fedacf1f796e29472ef975119b6d00138a41006402890160386824d805b8da0c28219436cc0c7b0cc269ecf35cef26b371d5041bab34a124166a248094b680906b044908266357c38a4fcc92a06141400226d2dc6c3f9334af7ded99af38a5129ebd9959019421203869428292466490a51ac9b48b53529b428c290da1092660e3f87e118fcccc739caeda400e3cb34a52416a5248121b6c129b27083648660418cd9c998f006a0664664025286e3e3bce3c75df9bdecdf71602976d690eb63b68220b52504a5a403224ac3aa4b6476c141b23306109224930c44a7c470bc68b27ce32eb796fc870c924414a5a48043284a94ca16686a3438111b7e6cb71408ccc19180408929447a9d25c0dd99d39913ee199ace75ca6a2336d9254a32424d40cc049a8cdc08426ed409240c8810204965b6db8f558c6178a43b9cb739cb2c9d584a40716088d2869a23534d8442810d90f4d92a7011998064080009290862bf56f036e0ed0cd24ad60cce45dbd5115a6d0666410019296106166a5925a2be30100c88811991136da12da23d6d061984629906e9d8562e1a48d4a582220865b0496a2c38911912e73ca30b001800191105242088988b81f17613e80ed096ea818539733ab6bd9652a25a4888c0333093585ad29423220109322092511ad210849210da18838e6b5d37b2f7d6532549014e19822369b690dc7adae8e97254b7d460cd444a3060812544402424998d8cf32f20fa1bbcecdd51806ab5b389571d830141240c80320a4a94b51210ce521282008904a20b069420c904da198d8fe90c5fa23604b7100cd66a3484a1a69a895d5f1de9b2166a5119830094003224832092232663d4e90e01ed2e9fc89e70030a99709a88ac033068064000601052d4496c6484124690496d402ccd09204494a5a8f13556b6de5b0a4b88335294024290cb088d5d19f7800b3300cc8049998044446412950269887abb81f69f6a673256601876f1ea886cb6a06690608c8c0222371684a539280806129692b3528cd080446924b6c46d6b87ed8cd1f500a06b0a41292c838b09a6c828ccd44460c9246a300929066482061a663615c79ab7d02dab31c51820e5bceaead61241680a32304a0490038129219100920090da5c370008095009486d887aee0ec5c81f500661c008883728aba03290140294923301001980480000948068619c7b9cb8e3bfb7b5ab8e00415656916a63a011842cc8c00a2209528889079224248c929643c6a304806a224906d8a9c4a4e633e41983333334a421db0668a2a104660cc100608240304120180948324b2c5769de08eb5ea4c89d599103997454f15b4822330000140824cc20363294a4926036d29c51a8208d6090441116a2becad24bcb333066644908973e363f190900033200cc24d20004644401a481a508662ebbe1ecafb5b3a79c30925bd74fd4c2689a34199928c8cc2488969208564e92248349364f9a8c924b51252021a622a243cfb8a592cc281b690dcd9f16823a024023330440c1009206a4900120129084b71b16e4ed2ddf1b5a5bca094a9cb79f5f56db649410066a25984a4000920b2824910309694e2cc1124d644409a490436b79d3014b0a30da0d332744a28e84282482c110524811103250222001824a109629f9ff008c3baf7cdb3ae1111aec2d63d3b48425a24851a8d6b4a424289092194242403536da9d0a0496d66401b68716a618275c5905a8cd46d904c99b168d86880080a304081112480066900183012484b10b52707f4e75364afacc811caba3a68c9421b6c92b59870d26440d04909ca120c034a506b58209200c8d295b8b0dc76d4f040714a52824043d3e3d130da0c124946010224a124081980614a0020252cc6d7fc437bdb59dbee28124dcba955311b436da100d6616a0412a096c24b272510584a106e2c24c20184a438ea8c258690a4456a44b5baa51026dd9ed51476c888110504849252d21b4b64e2dc58538666124486e3e29c9fa43bff6b4c754494055ada41ae6db436da0c3890b70880230841272942828c25280e2949008825b53af03334b6c30d5762b8bd8e697f29e5020955837490d090100c10049265a622e13cef815ae63b8f67c976438b33348086d8a5e7de2aef4df36cfad29436b9d768aa65a4210800c138a2349851212d8ca12a350520906b000201b4a9c71c060890cc18b55876aec43696e0c8de7419b67609a38ad9049100025286d8898c79bbc95d839379ffa5287bb3d53db16cf2960001286abb50702f55753e4ef3810c255272076a633284934906416a00c8034a128cb124a33012852c100128252dd33502096a3458ed44c5f46e1dd25b3273a4a047668a3848092204004b6d310b49f86faab2fee75e51aa34be119efa35ddd31c528119a50d45d75c337ddc59f497034c871ebd9b5b0184a09a223251a8288049250432d41a400081a8c804b6971d52819a892d331da4108fae799f706f1ba74d4ea57648a284d9924888cc92c310b59fcf86a17733eff00dad6ce65bb7ee3059fd52f9a924a5250dc7c4f92b9ff00d08dbf60b3268d4fd9dac4aa61b4a5090609c00d2a49125b48cc12934806906a504a5a0e3ab300ccc32c32da0c0462fce6ef4364ef2de701d8150c26c8124818421a8757e2e79c1251b77a170fd81df9da79fb55fc01d8b97280259a49a629b9e7873bd7a12e9c59112dc997429a23444da4006b04644444486cf314a5449012666a4344975e599830036c21b24033453689c43a1f337dc71417609a380d24040002131abf52fcd76361fce6de3fb39e82e55644ce13c8fd5ab304e049223c0d3fe7f754757650fac0235bd7cfd5408e4968802359822224906db2cd12669411a4d4a261b0fbcb5180092db6841121466dd7698d77d019c485b84b3b014b5ad20820001088b59e797890c3961351ec6fa0db2f33b68d16bb8f7a01e5a94a0824b3135cf0c643dc79ec87002371775635d5915296d0081b8004024906d94e72d0308008d696d927de5ac28c821a68202420294dc1d47abf7ce78fad6a32b13a4811d210080096a255f8e9e622642daf517d39caf3ed95689aac3b9cf3ccadc71c70d210cc5c4b91f44fa17b6e6b8a4a5c75565751a9a2210db4608d4a010006c92d379cb60c90669236db0f38b70198086da48342400a36e16a8d55bd33e7dc5a88ec154d58ca092092a2266254f881e7ea27c1de7ebc6f592eed7d8ef693d43174165bd35b5e43aa482662d173bf107a05bfae5669271c765de9d1c0436d248d26a5184991252840cd50da8926090da56b716b5825252d25b06492300cd10b566a1debb05f5a8c2ac154f56ca124446092d44a9f193cd9743bd81d19d233b99322d939ef2d729e7dcbf83fb99de935f3012d47add31e7cf5af57e52e02375d71dbd934f58cb4da48c894b5924806c210799924212b26db23754b5386025b6d240102200d64dc2d5fa6b796c592a598162e5355b2d920c03413512abcbff1f252b606cbd5788572f2bdf9ace8f097b33dc7ec5f4fcd92a041b8f135a706e51dcfb01d335bce38bb5b3814d19848482014a349191212433224a5261b4999a946b529296db4905a92104a4999b50f5a694ddbb225ad460ec5ea6a961b49025106da8b59e7d7890ad818847bcc40e54ea8f4e7a43c65c8b7d6cbf56f71ca92a5106d98987f20e83f44f6fca5adc5b8b54ebb6a8e1b0d000924b5000049250acb88136941a9601a896a343684a405a8820882c1b3175c691dcdb3252d660ecdfa8a461b4100a20db51abb507801aeeb865f9b6af9793af09f587d18f29f5a6c7d97ea04890fb8a0486e2d0f38f0c7a0fd096eea9c714a5bd7ce52d7c7641186c9616608892493cb9210d20dd74124d46609941290614a249103258658d79a2b70ed294b3350b49351471d940061494351e0d6f89dc450ecac32fcaa76dc98cec7eb5de7a2f3be8b7dd79f74cc89962bf4af9e7d69d67963ea5b866b5ddcea9ad8cca028990a0b500924112b2c24b2d1baf2c2480009a240502351848482500d47c13446d5daf2d6b015692eab1f8cda0894a2086e3c5afd23e0a6bcbd7dfe83df7d01e8463d4190669916130d6f3afbce03265a8bad3826ff00bbf62c971c5999aec2e61d4c78ed198692666e11248242f28269a375d51a481106d2da4d4a220b5124110061a8d84687d99b6e6b86a07653ab31d8cd24828c24996234283c2fe3cc5cb647a0dd93b8b32e6be0ecbf5ffb8faf12b0fc894eb8648659c338ff009e7d1cdc93de59a8cc4abe2a78919b251a52da94a32224920654d216ead464409296d04906b308259a929220a01a8b85e85d89b86638a335584fadc7a2a1b32598421a8d16043a1f387ce9cf329ed5e9fde595f97984e4b55ed0784dc7ddcde94673326c979d0843343ce1c1de85f44de3cb51900bc8a5d5d7c6688c1b6906e04a49096d195254f2cd640892da5b220a3064806b5121290a30cb186f3f677b9e6b8a5acec27c2c76232930b32434c45ada8e6fe17e35a5ccb32eadebfdddb130cc36d36fcdf99fd2d372cf40fd20d8f3e53eb4a1a81a5bcefeabebccc1e7012946ab6b58f5715940334a10141b6d0018c8cde7546a209425a2242828cc89290a586db492d46cb187f3d663b9e7a8e43aecfb3858e4569241669699890b8f3c9be650769b5b29d85d31d89b626e659537ca5f37f390dcbd83ea8fa1d7d29d53688dacf832577e6c796b352cdc0edaae2c361a480969b0a242019acf20756b59a8364db24011a805024200010ca48dd0d3189732ebcedfe66f253b83d4690fceb68f8ec16c9216a6a3c4a6f263ce7c2c803dbb2b39dafb2b696e8da5b0f10f0f398242504ab9f68fd0ab07948431867207337a4dba2c1f756b3484bf20998cc208c371d6f1110301591ad6a5199b6cb61260199804484a5009b65bd618a6ff00086315f192971ee69af7fdc2ed8936772c6390da49050662d6f8b1c552f1cc505a56e7bb3f196ef3298b99cbe2e8616490ab5f7bfb06c5f5250c50f38f04fa19d197b29c5ad2494128da8b1c9c78d0c2df50249288b2659ac28132d848598040c892da5b42129d17c2fcd4ff00a8bd38352f9b7e594ea6e9ceaaf2d36ffbb9d376f7ade3709a424cc98aff003f3c6b993dec4f1cebbee8d2341ab23e4f0ba03b1fe7fe8c11900bcafe99334b2796498f5da5bcfeec2ea7c9df756a4a1292244786caa4bcb268485192424164ae282889a40304a3008104a1a436c35cd7c31a2ccb59587acd99667e57f19f40f6c5bf1ff9d2ff005b7d0165b91271a82ca4113712a3e6ff0056cab5b28b4190fac5d39495bbb72caac3fe7f34b29b480049ebef7bace7bca086a26a6e21e98e9bc8df74d64d0421251e232f2df714c090b2204443235ac042104a591a888112425a65b83ca7c21aa50e6bad11893fddfeb26e9f9f7e9cec0d2b1b4170350ed4f663b932718cc1652926e3c0e3af08d8b4b5b47e1ebfda199fa1bd3b4b2fa138ff00c4ba7ab82400395ec87a3b6531e5921a87a7f97fa7f775b2dd59921094250cc443ce2dc5b6975d001049dfa9c0842094e2c03226d094925ac6f8c387f06b2afd7da870e26ecdcdd9e9f65988669a1789f951dd933bd8aef6ca1cc66bd86db4351abbc63e018d69793e53b835efa55beba0765cd85e61f9878cc268001599fd206c49f31c584b549a4314e88cf64baa5289b4210d133149f74d4b0dbce192892972fc94926896a5b8000965a6db4ebee20e47a1acafa3d2f85b27d9751c94ceff00f45fcc2f4db9778053616979957ae3e82e52fe335d1d96198d0751fcf2e3112cae6da6596aedbfd2fd5d94679b1b597895adab1b200d727d4df51ece64c75c328f8460b936d1b771d0a5210d34d30844754879416a43aea81124164ad1921216e3a6121b4b2c33a77863951895235fe83c409f3e84fa55bdf357c52c4f76e01e99f92d0b357afb65b9e8afa43954ac66ae2c68facbca6e57d236b0224fb8b7b8b8edbb1c8b63edaeb2d09e7b79d98bc36d203b26f77f755f4d74a67b21d7534744798debce296610c351a345c2387bbeae263eeadc536eb8601111e54db6d2029c5b8101b430c73570b73f324743a5f5bc1796dec5fa7bdae67a13c10e46f4df54f08dd6c7cb3774ce6bec7f67f2d9b8d5345850fc24e58c4e44dad8726decef2ffe832fa63b0ae6444f0e79371daf692526ef26ac7ddb3ec5f4d778c83ae8d796cebca5191351a342c7fcf4f3aab7a63d54db92a5bef1254b3060073348b11a41adc538484b551c9fc23aa629358ee91d72f5b55446f36fa60e954f2b55f5068bf1f33fd33c1ace71b97244e88e83fa0ccbe7e35490abb9b3e78aff001eb1934f15cb0b7bac97db4e8d9336c14cd3688f0f7595345426cb22baaa82daae2d3d41f4b2636b96f3ab5180db10ab3cf9f2a7049b440fdf3eb39b29f4c68ac226582d6a3d895b5a9233756090967cf1f3eabedd58e696d63100b8cb22527d20762ab46791feaeed4d27cc7c4baf79398ea6d212336caf46fd0cf4958e3945031ef9e7d0d2e8f222a48c72333c85bf547bda74b9721a89afbc12d5d4919e8595623b0e0d6571d9dde47f46d99badadf59a8c2198d5be52f92c8bbe8e6f4fe05eb5fa9121e6d8acc6b5fe0f986d5ceec1c3d9f8fc4412966e04b6d31cefe54b187ea3d2e577925de6796621a1fdf8f42dd83e366b7df7ddf816a1e44e5dd79cfd2179eef7d7f51e807b29678ee3f5de5e791cf08b91268e2895636d6bd7fec3da4cb071317537839ac29211e4eba5cc9b8f4427dbd8fb77d9729b43eb70c25116bfcf5f122f724d7877bb3f55ecdf78b6ac874a3e3fadf99b95fa8bb1770db3fb371d8c95071666d331e252787daa75549cf32fc9263b94f2e687f757d3d985c2fe63f60730fb09857266a2f2bb646992879e753e018374bfbe9618fe3d867cd6e3946899731e84838dcccceebd5fee1b19f22a38338ab992aa1d6bf738f48cb9a8b8fa2c6f267a17ebdcb269c7d464db10287e7879d9777b0b25f66fe78644ff006bbb52c27ca71aabd7bc99e72f597a2bb965ed1c763a14a74c1331a256f0279b1d14bc4331d2bb9f1dd71cc988fb65eb34e775b7873d8bc8bd21de3aabe7cfb0b80eb37be8393b3b28c1715df7f4a9371fc77ccaf1e6eeae05adc46c749c6805ec7d81ed56f2b29dc59e5460b8c9a493129a6cfca28689a99912fa43dfc986c1c9506e3c3d61e42700df56a2e73df65fcfce06d9fe807a1dbce4a836c40d6bc21e76fa95deb956d4c762a4d6b224c787cc5e39f3c5cf4c6d9ab5ecae5ed0faa55ebafb43324b7e4de97f4dfe72bdf2dbbcc9e45ee2e0ead2ec7f443c97c1a23fd6befbcec7f16f9c4d3122ae2dcaa1c54200006c1ec4f692ecf8a3c8cc0a536d34d4680fd95e55e3d1e7e42edafd0eee37a3a242db622698f9c88157266b9b8732e8af47fe7e2e7d7ad73df99aa80622d2f39f933b33d7dd91b82961a14a5921103c7ff3b7118163b27a07354f357375d2fd2ff771d7dce52f2c3d60d45e3cfd095673b79e555c1eee1d97fa15ca1ad5f7fdaaef69b8ef357ce0c89548735b28c04a11401b87dfedce34a7883a46e5a65a6598ee4eb19b84c2b5ba4597b03e85c965975d62bea7c59f3caeecf21b0de8bc069fdcff001f3aabaa39d5af4f26a92d315dabbcbed77ec8ed7da70e3859a92db113c9ae195e258842e85a3e6da8cd297bd7df5c76e72dca29245f4a695a2f9a38d348f07dae3b4dd3793f38b8e7a71eb34dc67e7c39167ad9adbc928c6d0ab6b5afa4487fdf1ecd4d6f8f5c26890c4769214fc9bac0abae2dde9be81fb0ef94635d7d3f9dbe30b974d3bd0996f34e2d63ebf616d7ab385797b99faa7a8e837ca226b9f31f2af4c337cdc96ead66488f1319f1275de0496b4454b990c9eb2fa286e96c733bfa19f71633dfc434bf9a9c37c87678c48e9ba4d412cae3e83ba07997e6ee5b8154d7cf271327afe7942c7d997ecd7a3ea87cc5e2b6bc9f1d801689b26c70ba3bf9ef58f457d00481121330b00f9b3c5eddc4499b4bd0bba21773e2faf7d465ea8f2db78679b5b746c28da4782fb5fa56d324135616b01b622683f147168b59ceb924499d11f49d965342b5caacea27da4fb5187af96fe7474239631bb171dd0ccd9e77f405b5bc73f31a5281e3f7afd6508977f2c35131e9bed77a0b260d0f8f3c213d0c2d60e43f3f12c7af6522ea7fd3758b5022b31bcbcf2a1a912dcf49f2ee28f627ce1e84ebfe64abaee5eebfdc329c4dd74a627cd133a7f317ee1d96a001a8db660f9e9e68e4fcc587e63846d6fa64decfe0e8bac82440b1993ae11894ad618af819c3f78e6ddcb79ee51ed8fa25e26f096c673ac268ef5fc6611dbda495b4d515cfd0274f3f0b1ee73f0d2a8d8352dd3953312c7ef65894afa2cdaa6db0cf9ebe3ac96eb54bfa27e935611c8383f1ed8eb8e70bceff00df99458cbbedcdaf29fa1338907712a41800888371e178cfcb1cf1493ee7d70dd97d7fd2f9b5adac98f39d99728c665e3b6d1be7b391704b1dcba1429efa11f9ebc36749726d5d45cb988939736324222c0e89f79f34b38f4985fcf3e1729297146f3f3310a1c883b2ee7d20f5024ae2e87f9d24ceaf862cfea872285cf9e03753ea4e76885b07a0ba53635d64994ce2dfdb0e5ad56b29d30664410cb2c613f3e1ccd50f7576cfc8f27c83d83cadec8a7a1d355dae965b4967c35f2aeed5bff99c3c3a8f89e4bf2a6c9aaabb5898f07eee63c4fd7df7b47d733ee514387f83ba16e4d0e9bae3f370dc7b220eccb4c93e8cef1bacf12783b232c7db1be3e8d39af8d783b5b745637a29a1b9ee7aef3e39f7b9f6ff00dd16121c3b296b32519906d2d330b887c04ace85d8b3afaff21f7cdb85796762c80cdfc196d82f3abe7b32ea6e9ee56386eb18c4fb01224d6d45ad45409f6f2d4e312bd1df4f67cd6d50313f0af9bf2a521e0242e66238e648a5ca5e39edaf74b3ce1e5df125adae2a43b77b73c9cc56846c58d80441b1764f497456154f05bc07d6ddbb25d55ac85192d46449425b8b4fe5e79b79d94bb5b7d81f42b160ccb9b58c111ec972d2e1734fcb56738f748f30444bb574e4bb3b2978f46b0c6a30b4b296172fa9fd8fbab47d5020d07809a4f2990a37038e4dc431bca0d8724e2fea47a99a3be7d31d16526900f503d29f9c4a386ee4a78d430bea5dcdd3dace8701d1b45e827a976ef396cfa805ac00926d1160f1879818cc076735d8fee54386abbb98488d16f1c946eaf04f93d9359bd79aa0c826b1192e592e751479b8b055acf946f6f1f63f6458d84b10eb70bf9dcc3f2890e294ead52b13c73266a3bf371ede7ee8f897cf90615933080f697d32f989d4cdbf709ab8406f0e93e9fe61c7f5ee056bd2ddc1dcd21e9535d35294a20090d45e6af232831cac70667e8afaccd56c7babc871a243c9dd9121c523e61f9c19e9ee4265d8acc186e47c8d78f36e50872e65392f66fae7bc2e6ed6ea2240d35f3f7536b90a42de71ab1c471dc9a3c650ac8fd21a39961b7223232af6dbd06f03f84112651335e05bf7566dce58d63cfe5db4f667a69bb5ed7d915f59cb716140cdb60fc3bd355d4b4e2d77e77bfa6e8831655fc4855e5943f324a833e0cf99d36153b6c36aa0b97f1db6b6c266c0861eb813739f527a532bb8b5931433078e7c57af9195844a7d50efb09a0c8da614cd32cae9b60ceb03bdb3e87fa01e5a78c8dca37e454b0075ce2f4d0a12deb8de1d01ea8dce971677d905d5a4b71414da18f00315a78505cdbb9a7a3fe832a1c555dc0adad9f92ca9a4f3b1fcbff0ae65043801474f633235659e216d4a04a9afe5db5fd0be92ceee64c840149e70f95304b34710fbae44bbc1e97215d1c9623a14bb36131620e8ecff00d92e8ee4df9cd6e44c9a7490c0cb20263c4680ce7b77b33b9d58ee3709c996b7b7b672dd192f3278af89c35d965f91d87a31e913f022a6d2a6b1a9f92ce9246fc6e59f9995d0c7ad0f1515d25fadb9d95a26ac09d2ac760617ea176466773793e52a2d37905e795723317d6fa94c64180535fc369b856b512956b5c55e9cff006367bef9e6382fcaeaac26ceabc748000000d47d43be3b1fd0e6a2d7d25052313adafaf728cd3cff00f3629e13369925bf347b97df1318ad664d2d7aadf229d294110b1df97cd1ac3156871a832cddb6f6a7cd3e428e04f91b5b4f597a23e81ec7bec96de58878ff008c9c1d8fb5964b53ce38d5ae09577a4dd11df63d2a45845870465c9ec3f7e1b6be52a1dc4f670f8440000000d5b1b7d6caf7adb411b1578fe394adcfd51d3549e53e9dc2338abcb39cf5f7d29f644d915512354c2977d7b6525498f0e9fe7ebcf5b2aea7495558192fa3bdccf03f9a403959ddde9ebbefaf43f706577f324a6263be18f1f5131925a9ae4a4ae304a8b9388cd7dac344e7d34a9564559ea2fb253dcf9d4d05611f11c59b0000000029fdabb9be8e1294826d31eae871ea6d1fbcbcbbc02aed6b28b4054fd50740d8cb875b8bb04fe55716521c11e1d6f067ce8e4d495108a24f6551bb1bd9cf9cfd5602ad3a134ce1990fa17de9b8b2cc8274815743f3f1ce94cc6417416f9a6ef03a7bb62014590f4692f46af72c928f56bba71bc178af9818c5306a8200000000056677df55a809224a5296e3d6e3fccfe7e5f5463adf366227f5bb9fda4c62a70871a3cf2e2cdc5250c47a4f98dd0b8dc3aa242cabdaf43bd4af9a1ae017b7158961d9c7a2fdb9b6726bcb692dc3c43e78349553165939bee1b795eb4aab614ca69e7587911513ad31bbacdf2ca6a9193a307c4e080000000003b0d89f55890088d094250db50b42f976fe3daab4146cafeb8ef6de6a6830a9916bb6bda4f51a52dc78be5378c94b4b5512e158ec31ea575afcf520097ba7158384eebf44bab76865d7966eaabb5f7cf26a4a969fcd896b59e5fab60583d8d496a404ae1b0ee498c2723bdbc5558ba858963d1800000000003bafae74835024a529421b658d45e546bde4982c6dcfac2b1b798ee39874a8757ba644e04124c47c7fc1fe4a3efeec4f35b83b0aa24fb0f37c534012b76e27946beea2edde82d9f945ed8c928ba8be7ab59573479ca8a593799eb3abb49786482966d466579052c6195595858d73567518d54c73040000000007f6024a0602492824a1b663eb8f2d3ce7a82ea4fa7e9b6b2a563f873d120eec66d0112434cb18ff0021ec4deb1bc5de0ad65aea3fb8bca7e651019566103a1bb93556f6dadb0731bfb99020e88f9f0c2213459bba524cb31d630675b63552e4a72bdb72d53500f319132f224595438f408ea248000000000fb020a20602092804869b623697f26b867b2be92ede53f0e661023c6dcd12cd69222436d331d98f1bc63e39d63a5f1af55bcf5d2a00d84720edb64ecfddbbb77b6e3c99e5c3e6ef9fbc561b4335704a5b7b234bc79d6decb78c9843aa8cfccb4c6009394cacc362eb4af46354b163a8252000000001f6060c11a9294a126124db6d345ad3477a377ea8f5390e375d0a46dcafb179244d86d0db0d311bc3cd01816a4d2bd1fcbb0c01b361cc6311b5bcb4b0c9f626e3db1b8362ea1f126a2320b2bb0724a519c6b5a79f6fef15c78d9cb7226c97f1c6d42f72de90eaaed9d45a7b3de3df3f60c63048000000000fb0335103094a49b51925284a0977d9f5bb15a9b4a79986df6ce832251252494b496d8629fc2fd478a60ba025eb68e02f63c792c63b637f693730cb957f21dc0f8f000325b80f3b1e548c2675a7b6bd83c7fe486be5358e583d8cc4e82bded0db9bc367dce53cedf3c14d14c068000000003ec0d4609410410d0322201a0bcb360c288a37ab6630d6c78e2792121084210d45c1fc43d5b8feb2e70afa7400abbd8356e576432af6d321b5cb0e541d51cbc0017f7ca5bf1e9b3ad7b26d7d83f4114aaac0f5cebbd7fac35bef5d41a2fb7b6a6d2cdb2fc9f49fcee6330400d1000000003ec142c2541280969b3230a080ad8b611241a0a31dda726718b20db66941369662eb2f16359e3ba979ba041480a2dd18cccb4b79526e721c9dfb3a84697e79000b7ca1b7d6c54ec4d6aedbfa8dea53e648425a4365e6373df57edad885936c3e52f096a6b019b6c800000003ec156644a0da14db6da5214e9a526ac0b18c8f3c90fcab4b1cd6d1c8d3d71cc12524db5134ff008bb81d3e93e7aaa86402d7b831b563b95df6633325b49aa39da279d8002cb2f438b895f9c600f5a7a25ec24a74191210cb1e384ae83dbdb270a6b6ef087909590166041000000007d8328c81921212d25b405bc69410557eb3d31a9707c31abdd81bff00736e5dcd2593524121b6e2e8cf18716a6d27cf116b99015739e534dbb272d6cec2da4dfde54e1bc9800137310fa18add97ac459f69fb952df59824331e8bcbbd2bdd1b3b36a7e4eea3e10f306be2ba09da9200000003ec15c04464840492109352cd09424262633576995d1e0f88e238ce167b3b6d6e6dd7721a04c46e62f16eaacf44f39a60c630322cc2aa7dc1e59656b924e6da4b183f2f0004bcd49c4c781b4b51bb6dd0df4293df7c821b660f33613c8ddb79b64b1386760f08f1f418d2825556d80000001f606b524c121b0495208199b484a043a6ae772298e199adbc6717c4712c26f330ceb6cedf9f0bcd1f2e919972e6a6720c50b45fe6f4d63676995bf7f90daadf88bd75c8c000fe701688d1379e805dd657f4d76325e36d0d46c1b88aa333dbd91d9e0be5e6a9d1d531634b749b89100000000fb0270c004da52906444144db6828152d3b6d25d300888946a36b1dc7f0ec0dc99c17c555db139862bf161875a95b7b139195aedf26bdb2bb8d79158c338dc001fce12eb51e367f8140b7b1fa4fd952dd09658c3746f3747de99a4ed59e53f32b024b4c485bf05eab200032007d803ce041a509420cc2520136d350ab98997044ea8026d09200ccc137119147aa3cfbf2c55259af0eb436c523d95cbbbbebf973ad9e44ac3b88c0024e66a5b0d449b7f83dc5b7bf3d332dd0dc7c4b47c5d1d73b3edf09f3af87eb025e2275d935b3204404018203ec116ea5044924b40c24882588b5ad2a459b8c21c70043684b640c0326a311c5acf21bccf396aa851a06c241e432f29ba9793bafdb9a30ee2e0009796bae466e2d7eddd573ecfdb8edd96f1338ae91acdc7cb5719e633e7d79e44940525c765bb5d60de3e0000101f600fb84836d00364a412121b8354d3f6b24c911d4e2892d21b240002036ca8e2d4f80fc9ee4b9348a6c866ca91915d5b4ec82ccac2cd51f5ff280004eca1c718663536f9d3d2acfd73f4726b831cd1d41bb338e6aa5cc313f35f82521b3755224c84c5ba7f0640000007d77cf37146088db4a12826510ab5a936af9a0c98429c24b6843440c3494049ae1d57cd16b47254ca9432066425651364e4d637cdcf7e445d55cea0016791ad2da5ba8df7a524d87a5beaf4f72934c60bbc7629e8fa57f5979a384ea1c298493d31869c76cebaadb000000faec96c583046a0b36da086daad8424db9b8948421853a44d36db6933369a6cd497a1507cb5467a44cae89bc260bdbb6334b06ece6e555d72d479ba3f560005add2f12d62da2bb7669a7ed3b9fda09d1b566a4dbdb5ec23619af646234549e79f12c7869268940cdfdf9cee400000fffc4001b01000203010101000000000000000000000002010304050607ffda0008010210000000f3f2112cfaaccd4002a8340403c0a456aeed24cc3fadf2958467b2d0000162062091925f55b4e68840260025eb110769960086f5be7b18144d8c448010429333122ccccdfa130ac04c1304c5693630123902cfa1af8805496b4ab0000ab3133330ad2113d04c110d2a4aaa2b3b0004b042cf43bde5005cf73cc4800408d04b09212b25fa302cbc2915556d9201301244ca97faff00208065b2c60224089522242265660344504bc20657bc0000001946f59c1c6051173000110d0204b238924332412c42ad16d80000001304f6ece18155773480a4c131104b09244b0428304aa516d80000048101b3d0f97805cd73cc828d044a12d2aaca3300aa3049567bac0009209712248b7d6f94405cef64b028d012912e2acc4b81115c6fa2b62acf758000f65397b196212609f59c3c442545b2e0a4cc02c331040c0445345dbf7f1c1735ee003ecea79cf31aa74f522603bb7700555aae9791664886ac97225460173d7758ddae2c3465b2c002df451c4e0f97d09eb35b206df4be4a22233dacf2412443564cb024b02e58b9c9ec72e08c76d84c13abb89cbf996ce860eb774582df63e46b20a0b1988908252079849692bcd37301d8e72118adb4759357657c2707a54eff0062bcf421fd779fc4b0f4a5b2d30004ac92243314e7b2d900ebe0ac8c8f6b32c35fdad59123251aebe7ac0dddb3cfa34a516b391304824cc02cb514db680075b1541966d798869eddd5f279b9bccf6bd254441b7d2f8f02333d8d2b20135924cc4674d0c0007572d0198b6c209377457e69c17b347bd21626df69e36b08cf173cac344c95831299a6f900980ea67ce198b9d460bfa59be7dc0e857def654d2904fb2e073c85aeabdd92182201a21287ba4002657a95b67a7297328f67474589e43c8d17fbfedbd1cb488f417f9b22229676820025a16aa6f7900278fe57decf7e68eaf9bc6b7b417742ad9666e6e3e77afd04af156177fa6f1d00a4404c0001425d613031c0f19cefa276f3f5fcf57f46cde59343c4f435638bbca7331fadf619e0a39241a3d07998089852260005a26e61855f31e468fa1fbb67f3bcbafdc7479fe62ad4c4f69f1e6dbe738997e95bb313cbca11ba70800232c0015d16dc1339fc9f92a3df7d22fc1e67ab679bfa06acd479ca7536ede366c7c1a7996fd5133a67cb5d105b50016f4b16584908325b70078ff167bffa169ae9f33d5e1c27b5bedb3c7e7d5afa44593cef1942afbef4dcccf4a5b4e34000eb74aea383951ef5a572e9900f0f67d0f4e75dbe72ceefc7b07d0bd8744bfcdf1f6766c52d5a3ce70e367bba1e97a74538e90037776acaf97848fd3f57e6b959f4006be8f261fa1a7cbd3ecbc3782f4be97d1f3f5ae3e675fa32e4415789c1f526e2b5f097d39f28069eceb6c3ced5c7a64ed7aef9d64b5836f55f9e9d5af87559bfcdf93a3de775153261f46ef5b3d6cdc1f27ed3b7ccb1a17451466506ed2eb57e7798f478e2abfe81f3ccf2b30fdad2fa32798e8cd0a4798f5fb5b3a66c9dfade9baecaba799e3b57bec722c68aaacb5255d9db5f23ab4f98f4f54d09bba1e6e65620bfb5aaacd89e95453075fad86b9cdbe6bb6bd2675bb89e75fd8da2c469ad32f39ba5d283e4347d0badd35e3a374f8a920413d1e97a5ede7f99c531081e9b845c6aa6bba342d115f98ad7d5efcd111aaa539d3d84b70f9ef553a06e428d809898247f75eb4c5f2bb688b2983d0f0ecba74a66d0d75752f99ce4faae86114d284e5d37ab79fa7d8b2d073347453ce56ea0c477fe952bcef97db4cdd909ecf38b9ad8a74b3d75f9ce7b4b7b4d1ce846d292ef5bc4f8ee57d3ec5a0a3a56d1cae45f2b0915fbaf693779ef99da96be31b5dd9ef8b2b7b9a52af2544d73f478e6a236badd9eb1aef09e47edd73618970395cc99b5e2afa07a4d7478cf14ef72e6917ab934c9156c69a2ff0021cecb5bfd5d39b5a4eb4766ae5fa9f27f2df71beec220cf63793007d1ec7d86bf3fe5bcbae8ba9a645eb73f5591b79db96316ff001dc9a61bebd9b9f423eaaee6883a98f8397b9d54cd0b0359b3c680059f4aeb79ee2f9c5d36574c9176bcf6f55f8bba28cbabc8f3a95bbebf87167aedbabd441ba28e90afcf5aa2026ff2e0003fa0ebf0f8c5f62d00409bbb7671b5466cb460e5605d3f5fe7e3ca965f4df746cd1cad3a6cbf3e45ad20267ce80000fa68b4b52a92043b1d35c0d396aec0b93067f4f9e8c95d9a29c5ddee6ae4f3f2780e0ebf7de966aa626d23cd000005b70d0a924429dfd75e51b353d68aea49b5572d76db5614b376ba3cff0089e42fd43d95898a19d8f3000001a345f7465a6a2143d15b4d70d96aeb42d7596a4625b6eab0d604703c8e2b7eb1eaf74f00b243cc800000d624d965ab594afad5e7ccb644eaa569058a625b6daf0d5125de0bcec7a9fa5757b11e7eb9985f3600000cf5c012c4dadd378897cd4f4d2b458d2b184b2d4c5406a4f95e0fa37bc6bfa2d8f973309e6c00007948025c0035752bb22bcfd2aeb54342988b1d726634edf19e07a9f6b69dbd536f8d8558f3a0000e20012e1121bfa34da8b46c9a9566e58c6d362e7c76f538be3fc577fde7b5ab5459772f38c7ffc4001c0100010501010100000000000000000000000102030406050708ffda0008010310000000b408a8d8aa476acb8015511414400405100023c8eae70278d800000a20288a8a91d482c5b782a8d5141a2a02880000cc9686f284cd8c00000000005446d6ad25f78a880e068288000003780eeeb81ef8900000000000006f397a60802aa22880000001cfcfeb5e0b3428000000000a80289054e98800af7c4d000000008721af9809e26800000002820a0a95cb28800b3c71800000000dc9f7ef81211800000028080039237aa000e9a260000000007122efa83df080000002a002a02a2aa0800f962600000000054ce6b1c0b3428000002a0000a800aa8800f9a160000000003321ac9809e3600000000000000f650b72a0e9e1600022f5fa5c4ab0b800c9f76f8129100000000000003e48e9f33baad74f034004658d468617e6f3200712be8941d2c2800002390005100257c6d6f03bcf6acf13000644ed4697a94ac79d73802a6635ef059e1680000d78800a802caac41bc3ec3c59e260022432767d378bcae970f2a28478dd7ce04ec8c000063d44155101d20c01387d6905b11460084127a9f528f323caf1d5e0990eff0044091d080000c78039101d33180a89c4eaca2cf13001a91c1dce6de9fb3ddcc66e403850e8941d340800008a0a8a212491a20a8271ba530588e3006b7b7cddb6abd13cc359d2f99e37a852ccec5c05889800000aa880b2ac680a809c7bf602c4718035b7bab6bd6a87a4ebbe63f2c1ce08f19b09c09923400011e34074a8c45454404e55bb4133630062274f5fb28fd8765f21af132e018feef4941f24280000e1a2ba563054454403953ccf96648806de5e51b2f43bd52979af362d171aa070aa695e04ad60000280f923680343d83e9bf8760e35fd3f9fdcb44408ef46ec7932f7f573b3cdb96a9d682b39696635d28000000381ee8d0451aef77fafbd0fe41f24cc5bdc667c721eaba241bd5ec6ed989d64f3e5fcfe10ef715ce2be734f20000000395e8d4110b9f4c7d59dff00923e56a6df56b389c8d29af3a16a2f659e8ba8f2ad3dd930791426ea7255c506f41c03470000492c4c5113bdf52fd55dbf953e35e459e945bccf62593b6cbe166ab3f7f97bbf4af3bb77a4f2fe33a4dc76e86733ed8a67a83191c8f7800598e3503ebffae65f94fe46e13d3ad5fab7d32b4d90f464af276aacf9feff00acc7cc1f9bc2dde95bd270f678cc50af1ad86264d65cac82498b10a2837eff00b9f1265ec143a2e97d2aee2f3b987c37ec56eb51eb41c2bdaed9531999833fa9e5ec31babe9f900ae46b2075b81d33928e6b41d29e2451ab2dc56d4abd2b1cadfe8f9b9ee274ba56735c987b5c6e9f3aab575fbcaf8d9355533d6eee6753a8f1285509d941b7aed09144e4e776d6a3104732d2509277491ebfafd8c7707a1abed796f2d7adc5ee7339ba1e4d3f44efd0e568b9946d5cc56ab43e7d98054d466e16e93d6fc14520c4eee55506bd20af6eff003d277cc9e97896375fdacfe13b97399ddcc71fd01d8ad06b138bd4a52cf2e1b41dccde25ce74fd6ede4abfd69f28d078da1434228aa8d968cd5672773a75bb57ada3b56f2f96d374b3dd9c05fdacdc0eddb5cf7699359309dde854c1a37b1560f4993374f351cef8b8fd970a2ab50af97e258df3a71d30753d6b890d2c6f7bb7987e2345a79a48125cfcdde9acc382ee5f8fcfa34d8e3efe833d6295459556198145111b9acd177d0239c4b0a4bf43e22ac386eb6a3274737abeef41b511d9c83673d9ab82efd78327d4e775b89a39f23202cb1c05b746f5504e4e12674fe8d14a91dc73e7f75cc53a7c06e9715caa7aced5a8a37263e8fa43fa5cdc2f6f9fcbe6692857a1b89fcf1cf41d59af96c5763e49164cb650a9a1dfb158cbee59bd620ce4fc7ebf1f33ccb1a2e9f5ebb676e0b9bea56af73709dae2d6a9d8671abeff00afe52aaa235cb1bad23628d7a585e3509f7bde4640fbce1363afc8d664f98e5d7b3b1c8fa54769ecc3e67d2ba77f9587ecf1e1a5dda1c6a7e9fd3f3539f2000d8af80321ce65a96cb43d592ac33dd417a5ecb81e63b37c5962ec7a1f9b7a4abdab81cefa077eef1b23d2cf41627e5f36d68e6a5caa7280055e900037095b5b73a72d48a7b683e5dcdacee6b9831bb2dbe0b5ee7a2f9972b65adbbc6cd75711627a3ce4b75e3b3567700036d0a20094e0e85a92bc16acb4557b222b2d637fb1c2f43a36d1de430ea75fd1e5e6bbbe6f33b9d0db912081d3b8000b2008003a78921b361a2b9854716f926fb59e2b2bed5eb7925ef6fba1c7cd77f09cce7c77a7ee6d2ed5c5e74728016550100095a356c4ac551a5096739c9b1dbf8e3dcf56d43a9e917389c0ef64f864114fbed1d98b0992459000b2a808003d228cb96472350e7cbd3a54135fb1f23907392a96fd527e2707bbc4cb39a87a6f5646f9c66604b8005954100006c52bdad7c8f57af3e6ebd5e426bb65e4ce550aa4deb327178fd6a58c51aef53be9cbf39e5535bcf00b2a2200031923804151162b3666e2b745bcf2b7281509bd5ce5707ad2e01c53e97acd8c462191d6496d80595110008c7a80460a8123faf9d4bbe9de5ca28b4cb3e9b272787d9b9e70ea94b7fe8153c711b5e995342016054002259000620002bbb7c3866f44c144aa2563a1e82cadc8bdd5f32672bb5b7dcf371f895846c571c07fffc400531000010302030306080a070606010305000100020304110512210631411013225161710714203032528191233342506272a1b1c1d115244043538292346373a2e1f016254483b2c2f15493e2263564a3d2ffda0008010100013f01b725b92cade4d95916a7437525283c14b469f03c2bbdaa3ab7051568eb51d4829b282aff00355d17a2f45c89e40d28315bcf1556dd0ac7e2b6ab009f4b2a476810f30c411447cc00799b2b2b2b27440a929829a8fb1494ce0ba4d4ca97b5435ca2aa078a6ca0a0e0afc97f98f322f45e8b95d5906a0cfd80a2aa5ba158ec578cac125cb35bb550bf409bb90f2c26f23be6db2213a305494e14b463a94948e08b1cd4c99ed51571515583c5327050785757fdbee8b919117acdc96250620d1fb19538d162f15e372a477355c476ac324bb5aa33d1f32c413fe6db7259591604f80152d20525194e8ded4d91ed2a2ac237a8ab41e299500a1202ae87ed7745e8bd172bf206a0c41bfb29528d16211dd8e558de6ab81ed583cd78daa9cdc7996209c8fcdf6e4b22c4e8429694152d227c2e6acce09956e6a8abafc545520a6bc143f68ba2f45e8bb94310621fb394e1a2ad6e8563d16597376ad9f9eec6aa576810f3037a1c8efdb2ff00b35b90b53a20a4a6054b46a5a7704e2e6aa7ac20aa6a8b8098eba1fb2145c117a2e57e4010620d1fb51442aa6e856d0d3dd856cecf675951497684df32d3c8ef9d6cac9d182a4a7ec55347bd4ac746f5433ee503f440fec65c9cf45dcb6283106fed85153b7458cc19a372c39dccd691dab0d92ed0a33a79961e47a3fb51fdb2c885346b1083454970e54a7409bfb11451e40c28315bf6f2a51a2c462bb0aac6f335e0f6ac1a7cd1b5406e3ccb0a08a28fcea514e1a2ad668542ce9aa51a26fec4422164597e6229c1563342b6820cafcddab67aa2f1854aeb80879809bc8ede8fcee772ab0a267495337443f60b2b2211f990a2aa5ba158fd3dd8745804d964cbdaa85f7684d3a79961d391c8fceefdca7d4a8d9aa84587ec2022138fccc54e3458bc39a372a53ccd75bb56192ddad511bb7ccb0f2391f9d8a94a73546cd53468879f6ab229df3314f1a2af8aed2b118cc5580f6ac166bc6d503b443cc350451f9d8a7059531887ec0de476e47e672155b342b1f82cecd65b3f3f440baa47e810f3010453be7528a2165fd899c8f47e672aa1ba2c720cd1b960b2e49f2aa17f4426eef32ce47847e75b2b7ec6de4723f344c3458a4578dca3f82aef6ac325bb1aa23d1f32c41391f9d6dfb23791c8fcd0fdcab99769589b39baabf6ac167cd1b540ed10f30dde8229df3c1f2afe6dbc8e47e682aadba158fc36375b3d3e802a4768879809a791dbfe7cba2f0b9d083c207ccb791c8eff00d8eeaeaeb32ce1665757f3f52dd163b05e372c165c93e5ed54325da134e9e658791df3ddd3dca492c9d5763bd47580a8a6ba06fe61bc8e47f60ba25128b955e25040dbbe66c6d1bdce207deaab6ca8b3e4a5654d63ff00b96f47fa8e8bfe22dab73aedc223637fbc97a43d810dacae841354299a3a83cdfed54fb7981bdbd39c0771e902a8f68308a9cbcd55c66fb8661741c56641de7661a2c562bb1ca23cd57fb56192dd8d511d3ccb104e47e6eb2b79928a29ea60aa1af085439ae549577e2a192e10f2da8229dbff006025172acada6a581f2cf2b636377b9c6c16d0f84979ceca1b3183f7ae1773beab7f350d5e21894bce4a5efd7d37bafaff00bea585c90332422632bddc01cad1dfc4ac67489d1b26dde9067440ef2aa698ccee83aed04ebd7dcaa699ec7dadaf626e78df7dc7ed5b33e11712a10c82587c658376a73ac276870fc4610637e575b58ddbc26381f3afdcabd9769589b39bab07b56093e68daa9dda7996ef4d451dff003c5d1e4ca8c40a9e9811b957525ae42a69cb5ea925b80987cb6efe429de7c944ada1da3a1c1a939d98dde6fcdc637bcac7f6b713c62ab34afd2fd08c7a2dff007d699632e67befa6aeebff0044dafa9739a233945b46f10382d9ba4e6a2e725d5e75d7ef2ab1f3d7bc44cbf35c003e977f627619132201adcc4db5b7155980e8e2e36b6bd80769526cfc8733ac447c0dbd2ee4ec13100dcc03833369dab0fa6c42924d2631eba6b62b67769aa1a1a2b5ee7c4e7168a83c0fd2fa3da9b63c7ce3955b342b6820de56ced4dda05d523f4087907c809874e4723f35dbce1e4b72b9aaae1d0aa88f24cb0f9740a1768afe5377f214ef3c512b1ac5e9b0bc3e6a998e8c1a0f58f52da0da0aac531096799f72770e03a80ec0a33d326fdea475ddaf0e1f82c389330205dfc3a876950ccf9628a0693af4a577136ff7ef5cf434d1379b00bdfa0f67e01536234c7a6d75f421a4f1eb72918caacac61cfc72f0bf5bbb551d153bde5efb4cedd9add11d8c4cd9f7d43333db93f24cd9aa38874616e61b8d962946238cb1d0e569f956d16cd62ad88328a671d3e21c75bb7d5bf67043cd9552dd163b05e372c166e6ea32f6aa092ed0987443cc3391fb91f99eeafc9643cc93e66a1ab128fa4b0f76aa9ce88728e51bf90a76f47ce144a715e13f68cd4e21e2713fa14fbfb5e7f25751fa43b15ee77f1586b0d83ef96f7207675aa2c432c6d635f94bdb9def3f2583703f7f7aaec5e4967e6d9bddbfb1beafe255255538631a1c6479ddd4efff0015b3db355d3401f31e698fde07a4eff454784d2d3819581737a2e6b7a9e9639632d7b4105639834d87cbcec4f7581ccdbf62c3ab1957470ccdf94d1ec3c479c9868b158aec721f05887b56152dd8d509d10f30c3aa09c8fcfb30d1622cd151e8e54db90f286fe429fbfce94e58f624dc3f0aaaa827d06123bf82aea87cd3c8f71bb9ce249efe4ba6b73103ad493911dbac65fe56af1b9191efe9bcdddf805009e59843130c92caeb1b6b7ecfcd6c66c3438746d9eafe12a5daf631441358b2aca116aafa365442e6b8772c0257d0e2b5540ff41ff090fe215fcd14fdcabe3e8958b47cdd50776ac0e6cd13553bb4f3237a6f23823f38dfcdc9b9578d0aa7f4d536e08795c50e47f9c28a72f0a95c63c222841f8c93ff001d53bd23c8d1a841da93d7bbb02924639e081a340164d2f2e01b72e715b0bb1e30b89b5552dbd5c838feec1e1dea050a6856d1108a705b4d49cdd65155b742c95a0f6871b14d3a0f365563342b6861de56ce4fd102ea91fa043ccb0f23d1f98cf2dbccdfcebf72aedc543f18a977043cb1c8ff003a539785bab26be8e1bfa3139dfd4795a2e9c753c9e0ff00651b064afab67c29f8961f91f48f6a8f5b28d40fd545b95c75a25a8d9565752d2c79e595ac1d64ac5712a0c4f0caaf1699ae7c5d2eeb2c3aa0cf434f29162f8c123b55fcd1552dd0ac760bc656053649cb7b550bee0261d3ccc6791c3447e6ebf9d29fb9576e2a2f8c54bb821e5714391fe74a72f0ac7fe7ddd047f8f2c6066ece4d9ac3e39ab5af905c30dc37ad52d4b45b550ced0d0494fc7b0aa7f8da9633bca6ed76077b36a869d60aa4da0a09edcd54b5ddc536a2e9d290b1ac5eae9d8d653c45f239458473d7a8c5a60e1c184803b8958be33b1b0d3646d553c4f63086646df4f57a3c160fe123672970a11cf24b9e106e0341b8bf0d7543c2beca91a78d7ff687e6b01c7e8319a1f19a52fc99cb0878ca411e60a2a66e8b168aec728898710ef2b0b96ec6a84e9e65bbd0453be63b7ed053f72adf44a67c6aa4dc10f2c723fce94e5e16e90b315a79b849081ed6945040ef51c6e7bac02c16034cc04fa45418a016b9ed58732a2ba312d51f17a6f920bb297769ea555b45e0e70f05af9a91eee223673cefb1625b77b1720b4583d54a3d918fc55255e11161ccada1c36a5ef7ca7e05b33080cf58eb769ec517856a2a5c82af0aab87b77a7f864d90e80c959adae79a1d1fb5631e189ee0f14141937da598e63fd2149b4f5b3567fccaa9d54d7869cf1c9d0666d7701c38852b1ad88986185c0fcb69baa9a39db0c931b063660c22faddc09ddd5a23eb346edebc1451cf0ecdbe67b865a9a873e31d41bd0410f2ca78d157c776958ab39aab0eed581cf9a36aa7769e6426f23d1fd975f999fb956fa2537e35521d026f96391fe74a72f0bb4e0d0d24fc5b2e4fea1c8414c68cc38aa38a58a4cc4374ed52e3440fddb7bb55518bd6b9fd09dcd1d9a29aa6a67f8d9a493ebb8bbef40d91738fca2a2c425a7ace7e95bcceba32e5c3b8df78476930fab61654d318c386b6e935601b3b5b8e624ea5a4cbd16b9e5ce3601ad58c617558657494951196c91db7ff00bd539da002f61c09e2a19278dd789ee61ec505255554ad321395dd2bf5a92863650d406b6c39b2bc1eb6db19837f804fbdc5043cc1dcab19a15b4506f2b66ea3a002a47e810f3319e47847e7b76e559b8a1f1aa8f704ddde58e4911f38515e15e9dcfd9e6bede84ed2bd8a28dd2481a3795242da46b74cce3c4a7cf2c87d241973beebc5da633a6bca184a735da926e56abc13c3ccb2baafd773626f737a457844d98fd358636ae9dbfad52b4f447ef19c5bde3826419803d6a2a6b1dcb0ba77c9135bfc27103b9faac6a16d2e075929f52c3bdda2d96a3347b378540edf1d2c60f7dae821e60aaa6e8563d05e372c026c9396f6aa193a2130e9e658504e447cf6edcab37147e3551fa21377796de4911f3651456d0614cc4f0ba9a526dce3743d446e2aac3e82775218c07c24b5f7e2ee2a5792f69b6570e214d2cd2baef792546cb94c8da153b5a4a7d396544b1faa53698a6521b6e468c95240f35223636ee243401c49e0b65a99d8551c5493b72b8eb7e04f15868a77477e76cb6ef66bc43187d553d39f149db9e4c82fcd3f89b0f925516111d431ae8a789ed3eab8154b1e1d8754bbc66aa28986224e678e0561d86cbb4b5707ea65b8544ece6594163a670dd907572043cc1538b858b4578dca3bc189779585cb998d509d3cc84d4539147f6b1fb71dcaaf714ff8d545b8266ef2dbc92228f9b28a705e1430714b8df8d306952331facdd0aa97f4b728c66172b2e5e4a57f4957d04b2363a98632e7305a468de5bd6a9a0a47f35fad4233b03ac5e2e2fc0f514cc3f0f632f256c2dfe70a9689b5cf7438553495d37acd16899dae7bb4586ecad4619b4a63ab7b0cd0e47b72fa273755f7adb7aada686b1b05351bc401ad7098333e727eeb2d92389d4e1d4fce8c8f0de993baeaaf63e0c4a1a5755554e278b35a489d92d9d557829c3a47e67543643eb3e119bdedb2c2b61767b0b7e66d1c3249ebbd97b775efe50f28a9068b108eed2b17673554d776ac0a7cd135533b4f34c3c8f47f68bf281fb79557b8a93e35516e099bbcb6f2488f9d28858fecf5263143253cc3b58fe2c775ac630aa8a4a9743236d2c4e2c78eee3ed595f13ba42d75606cb2e8a29031d758657629290da4a1cfda53364f1fc53fb4b2821078f341cffb160fe0cb01a7735d3dea1ddc18d5454d4f4f008e38db1b06e6b4582ac829e7f4e36bbaae2e87e8da5c86696389a77667593f16c0e8e9b9e7544791c77b4e6b9f62c3b12a0ae88be9a76c8de36de3bc277153fa43c8babf96539563342b68e0d095b3551d101523ee021e6633c8f47f673ca021fb7145556e2a6f8c545b9337796ce493723e70a28f27841d968eb69bc7a01fac442ce1ebb3f30a6cc540ee95918f454d4c1d2374bac01c5b0b0752a2768a259886d96d26d14786b2cdb3a677a2dffd8f626c58d62d3e76c134ee7fcab69ecbf05ff0b6d1b2398ba8f2b6305cebbc0dc2eb673681d4f5f154d3bae03acfea734ef0546ee71a1c3710ab6a2089edcf2b19f59c07de81b8b8d4762baba0502afe5145553742b1e83346e580cc63a92dea2a824bb4261d021e6187540a28a3fb1df92ff31945556e53fa6a88a66ef2d9c8f47cd945129c51214d6731c08b83c16dbec9d3e475740d0d746de9b00d1e2fbfbc2731a1ed7b7d129a1af0b0f8c78c80b0f843036ca93401519ba99b60b6870baf8abaa279a13521ed774fe4b2fe8eef55536d463e1f05abe41cd332b4585b5eb16d53ab315ace75d36224f383a773bc01bbb961185bea3128a2a519807b4978160d00ef41c002bc3157b64da0a3837f334d73ff0070ac3b15afa520d3d7cf09fada2c13c276250398dc458278bf8acf4c7e6b0cc670dc4a1e7292a5928e36de3bc20502815757f2a71a2c5a1bc6e4df80c4fbcac266ccc6a81da79909bc8e1aa3e7afc97f20fcca554ee2aa7d3542edca33a2bababf25f919c8f47ce12894f7ac5f6db6770dccd9ab5ae907eea3e9bbec58a785ba97666d050b583d798e63ee0b12daac7f11d2a2ba4737d41d16fb82a297335d19ef0a190b1d6284af638382c1f14648c0d27501524e0b42a2954925eca5a76c9c13f6770f99c39ca58dfecb7dca3d8cc0db266f146fb6e553d153d336d1c6d60ea68b291f6056dbe26310daac4a606ed12736cee8fa281d132773372a3c4258276cb0caf8646fcb63b29581784fae8eccaf8bc659fc567464f76e2b0ac6f0cc4e1e7292a5b27acddce6f7841c8143ca9068b108eed2b1b8b9ba96bfb5603519a26aa57e810f32c3c8e08f9dbf25fe693c953b955fa6a84ee511d15d029af69dc4157e56723d3bcd5d12895b49e10b02c21ce8b3f8cce3f7511ddf58f058fedde3f8be663e6e6603fba8b4f79e3e453c9925694ed7554d283d12a16be3707316138d65369345415cc234726d4070de84baa8a66e8a3e971d148e0de2b6d7685b84605553e6f842dc908eb7bb722493a9b957d392e9b2b8715438bd552d43268a573246ee7b4d9c16cbf84ba7a86b61c44e47ff001f81fae07e0a09e19a3649148d7b1c2ed734dc1f6840f945563342b6920e8b8ad98a9bb40546fd0207ccb4d9072ba3c87cbbabfcd3757e4bf213c953b962f574f4904b3ccfc91c62ee2b01daea4ab9e161a5a881b33b2c32c80657bbab4e2a3768b6bf6e28f0288c71b79fac2dd22e0cfa52767628f6f316a9a927139aa2aa176aea76cbcc467b2cde0bc19e35452e275d1372d3b5d1339a82fa12d3adbb55d5f919c8fdc9de60a2512a79e28627c923c318c17738ee00712b6bbc22cd59ce52e1ce7c506e74c347bfbba82969d85a6c2c7caa77e68c05ab5ca9abcb6c0a86a60938eaa9ea6a2220b24d1536d1d4c6ee9b2ea9f69695ee00baddea1c4a32eb07829b5e037d2559b4187d242f967a9646d6ef24adb6dac931ec4064bb69a1d2269e3f4cf7f974f2163ae0dacbc1454cb26155cc2496b266e5ecccdd5350f20a2aa9ba158f419a32b019b9aaa733a8ac3e4bb4261d3cd072bababa255d5d5f94f20f996fe4e29b4384e1a3e1ea067fe1b7a4ff0072c076b2871595f1861864172d638df3b7ac7e4aeaeaeaeaa0af0838dc35f8c53e1913fa104df0cebe99fabf956318d49412e0f0f39999412991addc37df5588f856da69f3369deca669e2c60cdf6aa4c56a5b881a991fcec849739d2f4f31edbac46be6aa92173c0040e0db6f2a0c432bc386f1c56c06d7b717a434d3bff5985bfd6cebef1c503c8ce47a77982894e2b6ef6d0e2b50692964fd4e33bc7ef5c38f7752cc9aaa60f943dbca69e40c0e2343c946fe904f8ae372730842470e2a3c5ea22e29bb51281ab1a53f6a9dc29d9f6ac02a71dc67128e0a68b2ebd37b6fd06f595b6f8a621438ccd434f884fcdc4c635fd2d4badaa925964377bdceef37f3110dc3acaf07141e2bb310388d677ba5f66e1f726a1e49538b858b4376390060c53bd6132de36a80e8821e66eaeae895757f9aefcb8b6d5e0f875dae979d97f871ea7da77058b6dc6315999b13bc5a33c19e91ef72b9249ebde9924b1b9af8de58f69bb5c378216c8ed5b316839a9acdab8c74c7ae3d66fe215d5d62bb4784e1d7134e33ff000dbd272dacdb4daf761c6a60a2386d2190319249f1f2e6f541dca291fcfe726e6f72557d5493cb99c6f751534f2839197b6f580783ec7f16673d9594b4bc6aaa5dcdc7dc3ad627b3fb39418154e6da065655470111470d292d2ee02fd48e563c6575c2c3abeaa09a19e2a8e66561bb1d9b51dcb6336a62c6f0f398b454c3a4cd1c7a9e3b0a053104fdc9de60a25784fda6750d03682175a6aa6f4cfab17ff92cdaa6a1c9353eb76fbb936527c38bc36aa904cd36df7d14fe0ef64ab9a4c4c9699dd71bee3dce557e093128fa5455f14df4641cdbbf109db318e52c63c628256f6819c7bdaaa695adec54bb3d8bd61f80a09a4fa592c3de5546c06d4306b873cfd521ca9fc1c6d4ce7fb0f363ae4706ac37c114dceb4d6d731ace2d8b53ef2abab302d92c0a43044d606fa0ce32bf85fad5655cf555534f2bb3492bcb9c7b4f99a489f2cec6345c9e881da561d48da4a1a6a768d21898cfe909a879253c68b108fa2562715ab1a475ac10fc13553ee43ce147f68bfec77e42458f66f58b6dbe114599911f19947067a23bdcb16dadc6710ccd74dcd447f7717447b4ef3c811b00aaf1ea486e19f08eecddef5b378e3a5c51ac73db4f33dc3c5a71a6497835df45db961fb6cea985b08c3a77d7b6ed96068b06b9ba137e01788ed257ff006aac6d1c47f734fabfdaf587ecf60f4273454c33ff0011fd377bcaf0cb88ba5c5a8289a6e22879d70fa52eefb029305921c1fc69ec9984bedd28fe0c8ec783a1ec5b33e0d710af8856e233330ec3f7f3d368e93fc36954276630fbd3ecf608da99effdb2a9a1e6ff00443b72ab6e14499f17c42b71499bba9e898e91adeccf6cbee5b43b61b38d82a2969f6566a695d1b83259a7707b49f9565ae5be536dd751b9e1d706c56ca63d5b87e210d4b5c5c23e8b9878b0ef0a96a60a9a78a689d9a391a1cd3d85465353b727797744a9646b58e738d834124f500b68f187e2b8cd5d61bda47f40753068d0ae9a50bade8853c798661bc2c2aa2263acf75bb5605b45863220d7d5c7703d6516d1ecfb75388c3bbd7536deeccc2eca3118bbf328b6a364eaa412f8cd1b9e3e51cb99418b50ca065a863c763814d96377a3aa7f8c9dc15531f14124d3499191b4b9c7b02da5c72ab16c45f2c86cc1a44ce0d6fe7e65bbd783ac30d6ed2d1e976c3799fa7abfea9a821e53b72ae1a1588459aa7dab068ed1b5403443ce147cb3e6b5fda6ea59638d8e7bde1ad1bdc4d8058a6dee194f9994a3c65fd7b99efe2b16da4c5f127113cff07fc267459eee2b320ed51d38aabc660874674ddf62abaca9a93d390dbd5e0b9b2832ca93691eef13ac8e431e25032d31e13b1ba079fa56f4c7b56ceed350e334d9a3396668f8486fab7bbadab7e8b6969b14c4f6b7169f2e46f8c3a36b9deac7d116f72d97d8fadaa922aa8218dad82dfaccd7e658ef59ad75c66589602cb8678cc95b58f1f0d5751e853c7eb35a7e51e175163987e1d4eea7c1f0dfd20e6839e571cb1e9d5c5c1495be14eab365f14a2636df2068d3c75bee5b5d558e41864f4f8bd5e135b37a2c6e4b4f166f96db2fd212370f751c632c6f904927d373746fb94605c2a7bb37715e0caae69b01958f37e667b37b9c2ea3de9a9c9dbfcb29c57848c5c50ecccec04e7aa3ccb6dd47577d88aba6a694d288e28052b32484283986420caa86a701e747390dfeb6efb16175db36238c0c3697fa01fbd43866ca5633a784d2bbfed354be0fb6525f8ba7741db1bc8fbd52eca625405be278d3dcc1fbb9d99c7bc2a792b5b1da66b0bbada7f35e11aaf17760a60a6a395cc79f86934ca1bd4a4c3eb01e9476ef213a0cbbdc13ade5b47dabc13e19cd61d575846b33c46cfaacdff6a6a08794fdcabddd128c39e7bf6ac3a1cad0a21a21e70f983fb75f92e895595d47470f39513322675b8fdcb15f08d0b7332860cffde49a0f6356258c625883f354d43a4ea6ee68ee098fb3938715b9546290457b74cfd8aab11a89f7bb4f57823a956b273ec9b76b75f4beeff551c8e6481e0ea0deea869b187d4b313a198c0d88eb203f12ef54f61e17dea0aeda3afc2db3d5d7b28a89a007d564c9cf1ea6346ae27a82acc3f66b00a7754e20098f2e68e376b533f6b87eed9f6f6ad99da6c73680d5622f89915340f65361b44dd2212bfe53baf28588d0495b2b627d53bc420e939a0ff6a7ef73e57f57535625e10367f066f318753b667c7a02cd182df4b8827a9621e11f6a2a8f42a5b4e35b734db1d7b4dca9249247b9cf71739dbc93725322738aa4a005c33480213411bcb1c4dbe4b875af0583fe4554eeba9ffd428f7a62727eff0026eae894e2bc2b62fe338dc346c7746963e97f88fd7ec089e46140f203a202c77aac20cda752a3a36cef19df60b00d8ad8fab8807199efe3f096fb028fc1b60d0bc182799a2f7cae370a8f0214ed680ebdbad3232dd2cba4138b82f081b55cf5e8207f41a7e15dd67a94d21bef4e3e630fa49aaeae28626e67cae0d60ed2b09c3e2c3f0ea5a58fd18630defeb2820879533b455ae2ebaa5a6bc9b952c560137ce5d1fdb079bbac4f1bc2f0e65ea6a1ac3c19bdc7d8b15f0895525d94308887f11fd277b06e0a7abaaaa98cb3ccf91e78b8dd39baa70454f8b53422d7cceea0aa7139e7de6cdf5422e288e4d82d839f68a692499cf868a3bb5d2377b9feab2fd5c56d3783ec67675cf91ecf1982fd1a960d00fa43e49449e4d90da2a8c1b1764818c92192d1d44327a0f61ebee58e6d7474353054413b715c56a5b9a8e4cbfaa50c4efe18e2fed5b458bd4554ef6c950fa8909bcf2bcddd23ff0021d4b0993c530dc130aa5ce3235e65a8606b9a6778bcbbf830746eb6f76a25f1d970da57e4861bb65c976738fe371d489d790472756ab989865be97bf154ee6e70c7b5c19719adaf795534703a85f2c25ce731e2e2d6e82f044653b2f2923a3e36fc9ee174cde9a8a7eff22e8944a2557ed2e03421dcfe214ed2d17c99c171ecb055f592d656d454bcf4e691cf3fcc538f234a694104cd53640652e70bdcaa3a8a26daf987b1619895040f0f8eb9b1bbb7443c20504218c74ed95d6f90414df089420f4a9ea47f2266dcd165ccfa5ac6347cb753baca8f6829ab5b9a9ef283c5b62b69f693f4550973e2958f9016c7d1b8bfb156d6c323dc43c927ad3e40513e558a0d2bc17ecd7a589cec3d125b4f7ebe2f4d410281f25c6c14ef253e2b954d4ea26d879ababa255d665757f303cc9fd8f15da7c1b0eb896a3349fc36749dfe8b16dbdc56aaeca6fd5a3ecd5fef4f91cf71739c5ce3bc9372791a792b711a5838e677aa154e27533dc5f2b7a87284485b17b2359b498a734d2594d158d44c380f55bf48ac3b0ea4c3e8a1a6a78847144d0d6347009ec0e690e1a1e0b6bbc13d057679f0eb52ce75cbfb97f78f92562585d7e1d58fa6ab81f0cacded70fb4758ed4e758689f3cd87e18d80ca7c62406cdfe1b1dadbdab02c367c4715a7a766f73f57106cded2a81d454d8be2af89ac116154c21be6201905e491ded2a599f34af91fbdee2e7779d5050c5d0bb7de9d1bda6e4ef4d1d26978b81ee552c13064b13d99a3e2cfc7b14d89c5e2f1c8c89b1d43733278c7a12b4fca1dabc1057d34983d7d3b090e8eab9cc87d5907fa266f4c47727ef4514512b1bc6e8708a07d554becd1a34717bba829bc27ed04b586688471c6d272c045db6fa4562fb5fb49893cf8c57c994feed87233dc13074b91fc8d4d29a82859770517827803c192ba4734ebd16008f8258b35d9893f27518fa4a9bc18615721d5f540fd56aa7f067b3ac702f773fd6d7f43ff001516c860711678be78729bdb3e71fe650b808ade92c4364f00aa90c9e266194fef613cdbbec5b4bb31b64d0f0c95f594ecb966637700a786b41399a8b1feaaca55bc8082859c5617b558e61b95b0563dac1f20f49bee2a87c2a57300153491cbf49a721545e1276766039ce7603f49b71f62a1c630bad1fab56452f6076bee575757e4253c94e6a6c3aa8a2b21e59e4ba251722e58ae270e1f86d5d5ca09641139e40de6dc02a3f0898b5db53558535944f7e5bc66ee6f6ebe92a6aa82a608e68640f8de2ed70e283902879fb2b79e2513bd62db6d835166631fe3120f931eef6b962db678cd7e66739cc467e447a7bcefe4bababaa8c469a9fd275cfaa37aaac66a66b86f41bd9bd3ae55d66574e9328ed5b35b3988e3f8ac7494c37eb2487d18d9c5c56ceecfe1f826170d1d2b2cc66f277bdc77b9dda559591cbfe8b68766f08c6a90d3d5d3e703d076e7c67e83b82c5767e8f67717ace7a6350ca73f0232e425c77661d8aa2a249e67caf3773b52b67a1876636665c52a58ef1aab6658831e1d763c747badc5504b2c5e0f7169dee797d54ee05fd65c40d49eb4410a8df036a19cedf25fa56de14f5f4cdb736dfa83a876f6ac27099ebf34ef95b1b2e37f1bf528b0e6d339d9435e1a352d3b9544d4523067a181cef5da39b769d76588c7136f94f47d53c3b8af03924431cc49bce6aea4166f5d9ff8266f4c477291145144af093b45fa4b1e740c75e0a3bc6dea2ff94e5094f51723f91a9a502985466c6ea94b65a581eddce8da47b420c5cda7533641d3682861908232e66dba9c53295edbda57acb2fae7dc1112dbd21ee5b5b82d6d2629501cf6d9ce2e6d9b60415243203abfec4e6b87144790145192b28b689c8390728a77b1c1cd71046e20d8ac13c22e33445ad99de351753fd2f63960db57836270668e711bb8c7210d70e5288593551c7c83cc128944aa9aba7a785d2cd2b238dbbdef394058ef85cc2e99ce8f0f80d5bbf88ee847f9958cedced262d1c91cf57685fbe18db958a8f68eb5b40da492a5c626e8c6960781c7bd6c86d8bb0bae642f9b3524aee9b4fc827e5052ed2e010d678b4989d3b66f533ebedea40a050f3d6451f39354410b33492b183adce03ef58bedfe1b4d99b4adf197f5ee67bf8ac5769b17c4ee269c867f099d16ff00af23b92faaa9ada78074ddaf5715558cd44b70ce837ed572812ac08ba7379335960f82e258bd7454d4b117c8f75bb07795b1bb2341b3b85b69e1e948ee94f37191ff0090e039715db28e9aa248a1844990d8bcbb4bfb16018ce2d8b573c97b63a787578637d227736e55b45b4bb2984e394dcdd532cf03a1333d367e63b0ac27c1e3e1daaa964f3324a6a07e674cd1d02f6f4b23b37f982f08188452ecbd1cb972f8ed49929d9c5b4d08e8ff0051375b4023a2d8ac0e9dcde93ed2917d7766ddd5aa738b9d7280b954d47266bba327a935d565807390402dbcbaff00628a9682c0bf14e72dc1808fbd4b53470b7e0c9ef795593990d9abc1bcf0d1ed5d1cd2d4363616c8c75fe98b0fb5337a672488a28adb5da26e0b81cd3077c3c9f0700fa678fb16a4dca84ea9fe91518d391fbf9026b93534a8ce8b626acd56cdd193be2bc5fd1b901c80a06c16728b8a75ecb697048f14a07b72fc2b01319fc157c0e8e4735c2c4120852375442b22d36dcaca26ebdaa9aa7c5aaaced6370caf6f582a5618a47377e5dc7ac1dc9c391c5076a9ae4e71e69c7aac5783cdaf9253161b56fcc48f8079ff00c105659506a1e64944a2e5b4de14b0ca13241420554e34cffba69ffd962b8d6238bcfce57d6be4b6a01f45bf55a1425ae738363cdecba96925b9bb00b750b230dbbd431cafb961b968bf6aa494b2aa37fd217ed5b138fd2d741534b117da91f68b3fa4613e8fbb720872dd1784650178c3578c04d94140f9242779df09587b1eea29c8d1c1d19f66a178bcacf45d987dab3b81d426bae8aa8aaa7a76de47dbb38aabc69efb88ba2debe29eecc6e752ac558f52b15102e0a3a091dbd56d33299a336ae76e1f8aa2a09aa6689a18f7ba57658e367a7213c1bf9ad82d8b8b01c3c19430d5cadf852ddcc1ea33b3acf1e5da8c6461d879caef8696ed67675b9545548f9591c7abdee0d68eb25602dc330fc2e08239db26999f23750f79de41ea42b295dba56ada4c6a4a4862a6a5b3ab6b2ec875d23037c87eaaa8c3a9e164382c4ccfcf373d6bb5ccf17e27d690af09b511566d35361b1580a3863a6ec05da95e122a3256e1f48db658297765b7a7dfbc689b40fc82571b436f8cebec1dab0eab652d7d34ee8448d8e40e2c3b9c07055fb51845617114ef84dba21be8afd395513cf30f36fa4d694714c4eb0e574b616b598d0dbfb9418564687c80fdea6c369dd097b1ed3d9b8eaaa2174575b238c458ae034550d75dc182396fbc48c16299c92229c54f347144f91ee0d6b1a5ce27800b6c36925c771674da8819d18187837f32ac147a15bca6eee47efe568b954f2656b984b835fa3b29b1b29df0be7718c3833e4e73775be95b8a63802bc185466a2af8efd16c8c70f68d537529a81f62bf6ab844a256315de238654d46976374ef5884ce9a67bdc6ee7124a78de8e559d366d755619ac98c6b027f49ee4e766a4a493b1d1bbf975086e2139140a6144fc0b95254490cf14ac36731c1cdef1aac3ea855d153540dd2c4d7ff005043947992538af099b6a5bce6154727654c80ff00fd63f147928eae5a5a864acded2bf48536292b39c8db0b847940887a6eee3a0ef5518244039c270d70ed1afb954d3ba2d4b7b9edd3dea321af056058a53c72e178837283d186a6da6663ba398fe2b720e0b3ae7117a7bd4b229eadcd471a0d3a954f8bb1df29415a0f14c903bc8727f9ddb5a5e7f67e736d6173641ecd0fdfc8e635c350aa1f4f4c333a50d1d454d8cbe5bb61e8769de9ce7f3873924f5942227704ca67f52142eb6e51503cf05161e2fe8dd330e2082d8c5b8858856d25134b400f9bd5e03bd1e7a4a8bc8d74b33c80d8edc4eed07d817839d81fd0d0f8ed70cd884cdd7fb869f90dedeb40724d2c7144f7bdd95ad692e3d402da6c75f5b592cced1bb98dea685836152d6c41e74756c8e820fa31b7e3e6f60e8b7b4ac336b5951b56dc229a919e2f1bb9b6c81de8b621ae9ec475baf12a2657f8e0819cff0037939ce397a919fc5f69a85d1479e6aad242f7121b0d38ded1d7aadada7c246db61a5a1b1b8fc3d5e565fd039f3bbacada09d98c6d0d6cb4d695a18c0c19b57340d72df7ae7f0f66cfd440e74ef7f399a28f4e6e371d338f66847200b8aa464d7d32df85cd9495589c54ff000b48ecb61675b4d178f5c3ac9d367610bc0d57482b715a327a26264c3bda729fbd30e9c92a722bc2c6d164863c2a2774a4b493fd5f92d4507226c1377f21527a5cad283c75a06fb8dd0ca355b07b41fa3f14113c8e66a6cc7fd13c0a0754137ab97da8ada1a492ab06ab89a6c725c77b75557d0cd74e25c754fbf268a0cbd4a67f454614409a4a967a8e6c83bb715c429422826a77a1ed4c2bc1be282af6759113d3a5718cf76f087903cb2538af099b61538553c54746fc9513825d20df1b3b3e9157b924dc951c94e37c37fe62a4a28a68f3c02dd6d4e63da6c45935c420dca338b90771b2a69e2aa0d8a477b4d9a07fbeb55b4c29e72c134720de1cc370b05c45ecf817c8de69d704389e3dcb676bdd5b8250cce37718835ff599d13f72cde410a489c55551bcdd629865458e54713afc3e5b3ef9560fb4b1cc0749516201c06aa29730e593723e68aba255542da8a69a176e918e67f50b299ed84b9af362d25a7bc2a9c4e77ddb0332fd2213f0eac96425f773baca6e0958d39ba2071ba7604f14a672d0fcbbd61b4b455301cb180f1f72fd1f1b782640c04e89b1c2d78e0a48e1641ce1200ebbf52c43689e6f051f1fde71fe5fcd5f23ba273484efdfa9eaeb2bc19f838185b1989e231deb5c2f1467f700ff00eeac2fcbb778e8637c4a3776cdf8355351d4e398d53d0407595dd277a8c1e938f72c5eb69b0bc1ebf1180658d90b68f0e1fddb740efe77749781fa23362f88559d79980301ed94ff00a2768a5368dca971ac1a2c7b129aaabe088c7929626b8eba749e7da54f86b2ab6feb5f2b73c1250e76baf6616b9a19bfa94d78e626371058e395c37e8a37b7116b8b5a0548177b46e9075b47add8a66063f4ddc1178c80595d61cfa66c80cd988ea6f14eda39b4105249cd9e8b58f7664fa5aaac792cc35b1b8bf2ddb71d2ea5361d551bc9cbc755e0d6b61a1dab673d23582789f07f33bd1fb9339254e55f5b05151cf5133ad1c4c2e71ee589e2336238954d5ca7a53485fdc3abd88b2e11b844a8d689c401e41e48dd62a9ea61639fcf479e37e86dbdbda14b4cfa6caebe789fab1e3710b6136b5b8853b68a77feb3137a24fef183f108124a1c8154cf0d3c2f964706b1a352b15f084e0e2da58401eb3b52b12da2c4ab1e4cb50f3d97b053ca6497b0220274770b993d6990ebaad0290dca62a5984550d73bd07741ff0055c9cc746f7c677b0a935011e46afddfb5317829aac98c55417d2582fed6143c81e4dd128953cd1c513e47bc358c69739c74000e256da639fa731ea9a98b58196645c3a034bfb558f24134b1baec758ae7e9aa1879d674bb3f0580d6bb03c629eb79965443b9edca0e661df6ea7752c536670ec5706c429e9f2f3188c22b691eddc2760bdc77a731cc91cd7b6c5a6ce1d4429f9acff062c2dd775451992a63686975cee06cbc1fd7422865c3cc839f8247bf2dfe43fabb8a010614235cd859422d09f0b4f055346083a2c6f038e563ba2aae9ea30ea9bb6f65b3bb479f2b5ce5875607b46a98eb8e497723e64a255d3ded6b5ce240005c93a00b68fc27505267870f02a65fe29f8a6fff00e951e25254632faaa97679247173b4b0e971b2e6a9a4b1c8178bc21a0d94d135c0e50b0578b985feeec588534b84e29d1f8b79b8f6af4e30f16d5184defb96238ad052dda4e793d56fe2ab313adad191cecb134df20f445fad1786b486eee27895e0bfc1c78a08716c4e1f873d2a681dfba1ebbbe97dc8056e4c7315661d40f98eafdd1b7adcb1dc49e4c8e73eee71249ed2b64b67a5c33674cf2746b716e834f18a0de7ecd57856c4e3cf418745d1644ce70b7abe4b07b97821a2e6b66a79f8d4d5bbdd18caa52b17ab65250cf3bbf74c73fddb96222a1b5f3366f8d123b9cfadc56c44ef86831bab7c9a414f963bf4b2e84f447de8a0e7c520734d9cd3a157a7c5299cfcb69dbacad1c7e9b7f152c4e8e4730f050d34f2b5ee644f73582ee21b703bd6130c8ea6aca889d1034ed6bb2bd9989bf529b1ac71e35af7345f40c63582fec09f356480e6ac9ceb7f4cef524d54c2473d211deb633057e2bb414703e77c4c2fce4ef27274ac134df9254e2bc2e63860a0a7c39875a839e5fa8cdc3de814c7297d2e48d461a5b95cecbd31ad956f35cf3b9a0ee6fe4e6dfde7cbb9586e28d803a09d864a579bb99c5a7d767d2fbf727452e1f530d453545dbe9c13378dbf1eb0b6671d8b18c319502cd78e8cacf55e3f03c136c80d393c2254c91d040c0480e7127d8a699c54d2d9a754c1d15656564515c5342b7b939c6686390fa4df8279eef44a93d147918be404d2b627106d16d2e1f239d6697e47773f4410f31745cab31dc1e96a994f3d74314afdcc73ac75ebea5e10f6e66c4679b0ea4701471becf78fdf39bffa20135e5de91034b5edb804eeeb20146f06c1def4d7cd06a402c70ddf25e3f35e09b196566cfd5d1871749864dcec2d3bf997eb97ef0bc2a6cdbe831c7d6c4cfd56b0ddae1ebdbf11af26074c25aa26cc7646e6c8fbe5776123726ecd6210e0386e3d870c9591874d2c42fd3889d2c3b070e216cc6d051e378647530d83b74b1def91dd5ddd48792427b415594c083a2da4c29af8ddd141d2d254e87715b2d8a73d0b3554b26668e47ee47cc92895b4bb6f82e09d091fced45b4819bff98fc95b4bb6f8ce32e2d965e6e0be903346fb7afdab9dbef5138dc3c6f6aa2ae639ad4d9416fe49ca2bc720901d562f490e29875fe5b068a93188b0f8e68ea5db87440d492b12da2abaabb59f051f50de7bca6c77198e8dfbfb93cdc7534705e0b7c1ce7e6318c4e1d3d2a481c37ff7afff00d472347238800926c0715b5f8ff8ed5b8b4fc147d18c7e3ed5b1bb3dfa7b1d0f95b7a5a621f27d23c1bed556f1555f2bee3233e059d5669e99f69d3d8b69b127629b415b3b75e7262231f44745ab63b0ef10d96c229cfa4200e777bfa454a350b685be33558750df49a5e724ff000e0e9fda6c16dad29836b3131eb4bce0fe719961d9a9bc1d624fbd8d44f97d1de09b6fead17152b6d6504f2c12b648dd95cddc7fdf05845761d5718e770fa79d8d77c2c6f6f4a2cdf2d8e1a96f62aa8a822c0e78b98678bc71eb1c40319ed5833c43063126818e879bb6b6bbb70e09c5653d6ad7b05e0de17c9b594366e91f38f7770099bb9254f200249b0eb5b618b7e96da3aea80ebc79f245f519a05902e8a90f4b900b2ba71bf99c371334d9e291bce53c9e9b3b7d66fd21fe8b64f1238363501e743a92ac0697f02d274777b4ef4cde822bc2342e75053bfd57907daa72eb9529d0ab7442e1c8791c8a082a7d5ef67f159fe66ea13f508a29a8fa2d4d4c716bafb8dd6cce29fa4b03a2a92417ba301ff59ba1f24725d12895b498ec183611515920cd907419ebbcee0ab713adadae9aaa794be595d99c7f0ee4e607b4b9a2c78841303dc6c05c9d15442f88e5275548dcd2816526102c3e49ed5458598d977bf3303fe162ea07e502bc1f48dc276e68df14bfabd5934efd2de9fa371deb6ab068714d9ac4e88fc686ca60ff00129eef0b08c2fc75d3fc1b9ed8d99c966a5a3aedc42a4d9dc52bf137d25153de46c45c466b02075dfad6c86db525796e1f530f88d7c20339877443b2e9d0bf1ec5b4187556cbe2bfa6f0e6fea921b56d3fc9198fa5dc7ec2b0cc4a8f10a28aa69a4cf148343f81ed1e5152b6e162f4a1cc768b682939ba826cb62eac89b25d61efbb072129de65e5c1a72b731b1b0dd7ec5b47e1131aad81f051533a845cb5ee2f1ce1b6f03d553d3d40377824f5ef4f63b32ba8dc41baa39ec6dee5472e608580e2a7aca5862e7247868ed55db5b51cdbe2a4e835dbde77fb3a96726f7372a3838bf77575a79b9fc17831f077fa4df1e2988c3faa34de9e13fbf70f947e80fb506acbcbb658b49153f8a42d717483e1081b9bd5ed555458955ced8994d2f48dbd12b0cc2dbb3fb38d821b73efb0cdd72bf8ff002ada6ab6e19b2d88491ef6d3f37175e67f442c0b65ea64c16b3142e0323db042cb1cce2f70617fb2e84622cb18dd1b5adfe916520e959518f18da0c46a3788436999ece9bfed5e14693263f04dc24a56ff0090d9635ce526c060d1749a6494bac7bbe4fe2827c7999c987d4cb4d522463ada107e934ef07aeeb68f6858ed8da2642fb73c4b1e379b302ad8fc570ca1806f92f2c9f926eeb957cc755c6cbc1ae01494782c55d7cd3d5b2ee3eab6fe884cdc8a996d862ccc3767abe6e7035e627322ed7bf416e40e4eb6527943d5c9dc13ee0f90197458e1e4e0954d71f1299d68e677c1bbf872ee07dbb8ad9bac755e09472bfe3326493ebb3a27ee41762da6a335784d4c606a1b9877b55744412a6de83ba0390f29e4013531fcdbd8ff0051c1caa630c9a46751d3b9397151ef4ee09a9abc13d6e7c2ab20b6b14c1dec784390f20e42538a73d7853da68abab62a08240f8a98e691cd37064dd6fe5e4849ba7c39ec6fec5cec54d4e72eaf76e3d4a930c927a775448743988d7d55b2dcd4134723e306324c5276b5dd4b14c6e8e39e5a68981d1b5c72b9a747768ec2a2c6431c7a5700587d53c150626e8f17a278396d5511ecf4c6aa3c5b9eacc5f9b3d3a2c61b23475c735e2ffc963b1d76cc6d857c542f746d79cd10b7eea6e95bd874581e2efc2e90c74d4ac92b2a5e0cf3c86f9dc77340ea0b69b62a871ea663e6b435cc60cb511f070e07adab0ddacc43099ce0db511666bc656559e931ec3a74fadbdbef504b26c4e303a665c12be40637039f9a3fe9f68514b1c8c6bd8e0e6b802d70d41078f92539620ce815b5500d56c944e35f75868e80e4cc8f9828af08fb35e2d5bfa4a167c054b80a91ea4bc1ff00cdc7b565a988745d71d4754d11befcf35a3eaa9b0fa537c92d8f6a7d04edf46ceee2be1633d2690560d33648a491c72867a44ee588ed3462eca719cfae7d1ff553d44d3c99e479715bd52c2d69b9f4beeff55217b5c755e0df601f8f540adac61187c4eddfc770f923e8f5aa8022a66b63e801600374b01c026c92fae7de85dce1a95104c0a4dc3bca62165cdc477b1a7d813a9295edcae858475168b689d45484eb0b7dcb188052c5513c6c25b1b1ceca353a0e0b04a6921c3e0e73e31f7965faf2f48af0af07430b93b6567becbc22e58598352374e6a9731037749009a155c6c162379e098750b67db0d555d04150c0fa5f18b4a3a8396d90a1657d30883afe2fd2b936d5c72dafd8bd23af268bc1deda64f16c26aad97d1825eff90e4c3c932f085b50ec63187451bbf55a5716463d677ca7aca5736ceb418118875ab74ac9ad16dcac13da084458f204d086e4f8788f21a2fa2f0755e6af062f275739af3f588caefb4208ea14834dcb6bb08349884a32f41dd26771556c2095174a34794abf2b55aed23ad4fd28e99feb44dff2e89fc91a7704d6f6ad415e0a6a8b31aa88784b4e4fb5850e43c97574e7a7397848db3930d89b4148ff00d62665e478df1b0fe2790051f475ecb2e70829d1ba4702dd6eaa676c124b477b73542597bdba7a38a6d4c1fa1dc21b372b29c93719b5bdec3bc2ad2d121de35ddd4849d2be5b954ef7f8cc16b03ce36def5864554faac79919b7ff00a79cd73ffbe25d30f685b734b1e35b2d83637d26d58a10241fe19f84f6f4aeb60e3fd235d4929dd1379c7f7b741f6a0b17c1b0dc5a85f4d59009233ec2d3d6d3c0ac4b0dc5765209a96aa238960133b51b9f093c47a8e1ee2b60f6aa2a0aa66173d6b67a4975a29f75be8387c9eeeb45c00249b01beeab36a307a7fdf73aeea8f5fb545b413cc43842d636e2e379b20e04023714515881194adab7dee06f5b23861600e237aa28ecd0b45995fcc9559494f574d3413333c52b4b5edeb0563b82d46115f25349ab46b149ebb3aff34e6c4e6ead0a6c85fd10845a5f72de3525ca7aa7c85ed0488cbaf97877f20639c6c146c0cddbfad17596c2ec44fb4b5b9a4ccca185df0d27ae7f86cfc4f05494f4f4b4f141044d8e28da1ac63458340e0155ea1a106a84748a605c149f2531350e577a4557e1a5a4c910d3e537abb96dcc92d557e1d46c032b6a29e426d776a6cbc24d61ff0089a486c3e06189bd9bafa7bd0a81eaa6d4c7d4539c5cf24a002d96a774d4b8c3592736efd5b2bf2e6cbd22b6a33fe9601eebb85253f4adbf4dfc97005bde9a01ef4c2e64b1b98f2d7020823815b198ccb8a6cfd2d4496e775649aef2cd2fed44adb9c5bf466cce21500f4f27371fd693a213637752e68ac8ebad55f55f2ca08271b0e509bcaf6872734b4f247e985e088ffcaeb5a47a35045fed410ba7adadc27c770e73d8cf848ba5fcbc42c4e0cae2a98f040fd8892392cac88b720dfc9ff470761907daa41c91a79d47726a056c4621e29b4b87bcee73f9b3fcfa7904accb322e58ae210d061f53552fa10c65c7b6dc3dab12c42a710ae9eaa775e499f99df97b39196441df6594dd333b09d14f99d9a4bb893e92333dadca1fa5b871ef5b1fb23598fd68b87b29197e767ffd5b7dee51ec96150f845a7c2f9b74d4c220f7b6476ff83cdbc593ce0b5fb4f1526158642da785fd29583a52db4de7736fef5b3b0cb1bb07b8caea986b5d2769caee8fb2eb0ba90fd91c45af6e7f11732ab2f5c5e8ccdf6b095e0ce686871bc5f0c73f33b7c2ef598cfcc1055d39ed6b6ee7003ac9b2acda0c25b13db7f1804652d6373037e1ae8abf61e1aac4e59a92134703b5e67367b1ececec5fa23149dd1b6aab669e38da0657bc9dc998734b98d0cd02686c6cca1611539e031f18fee3c8e360b149acc72a8a3755d68bee0560d878898d165132cd5647907917f20a216d56cf8c5f0d746db3678fa5038fadea9ec28b27617b64665735c5af66e21c37829ee2ddda26c4f71e2b157f31487d67e9c8c84085b2bcf4492001bcd919893a0ca3a82e716c76ca576d1e26218eec823b1a89fd41d43e91586e13498750c14b49088e089b66b47e3da80551e90eee485bbd355f452fc8ee4d41043772143d158f6cdd0c95b0620d2639192373db7382db515bff0014628ea981f148f9dcecaf1639781eee5e6b3004201c1cb61db7a7c5bebd3ffecb6ce30dc56075bd2a58afee57ca3b50175a01dab0ac2abf14ad65352c79deef7347593d4b673098f09c1e968daecdcdb7a4ef59c75255d7855dac82a1dfa260e988e40e9de0e9987c8f67143da158ad42bdd59337f2ce74b72b537c8736e11162a117785e0921b60558ff00e2551b7b05935582727b6e2d75b678378a56c8d1e83ba4df6f056c93227a7de8f26be57fd2c5f5e5532e2a3527a5ec4094c7823551cfe2ef8e507d1735c0f7150ca24898f0eb87341bf7acc8b913c9745785bc6f2c74986c6ff4fe1a61d9f2414e620d2893b904d1a95e0e363b0bc670cc524ac84b867632270394b4dae6cb11f044f009a0c46e3f8338b7f99ab12d8fc7f0799afa8a273580fc60e9b3de16158ee1b0ec9d0d74ef1145cd35a74f95e8d806ada0a0da2c5f69abebb0ea79d91491f34d7bbe0c9665ca743a80e5b2fb251d3d4d3461a439b1b79f27a39a4b139bb99c16094f11c3f0903d2a064c1fff00760247dcb62e294e2de2f24327375303e17f47d76d94db1b5bb3186e1b8cd5bcb2a28df0433642d7c6e873e4b9e37ca56d8f854a286434d818e732e8eab7ea0fd40b05dabc4eaeae435b54e9b3b7e570ee549231cd17514ac0d4f9f4d146ebb6e9c745433f3350c9386e77715755330016212195d6586e1badeca9a9c3421ca3cababf29457841d95335f13a76f4dadfd6183e50f5fbc714d0ccdaa6e5b2c66a39dab206e668a38efd277a3f7f7232738db1e0035a3a804f61695b35b3d8863d8a47474c3b6490fa31b3d62b67701c3f05c361a4a56598cde7e53ddc5ceed29ab28553f1dee5651041704fd5c104135353bd177722b82c499cf4b0c3db73adb7e8b69f64f04c7e9399aea7cd61f072b74923faa7f05b59e0b768b0473e48a335b49fc689bd26fd76f05b9d63bfa9427784e67496ce6313e1c278840d789df1dce6b5b2dff35b5d2be4aca57b87eeb281c3a22c821d6ae56cf63f5983e211d442eb7095bc1ece21452b5ec6b9be8b8023b8af093b5cdc2f0c34904c45654b7a394eb1b38bbb0f521a9bdca048d0ea16e5a7522dd166b051ef439253779e56268e4ba3c922a76e97e2b6130f347b334719f49c39c77f32e1c8e4fbebaada9c2595d87becdbc8cd5a5626d11cfda8d8b415c3c906c820bfe963ff00124fc14dc5051704ff00495aeb214f6e78dcc3ec5b3551cf6cf616fcd7bd2c5f60b2babf91b7db7d2e132f88d0e435397e1243af35d96f594f533d4cef96695d248f3773dc6e494c05c896b74ba25a8488cbaeeb2f06d45e2bb274371674a0caefe74f6d9c50e23ad4f82613308f3d23064717332747297711658c62fb3b86d688462f79335b991ae53f49cdd3debfe338e0a5aa6d3c2e9277c6181ef1f04dbfa5bb8aaac631531b5aeab92c3b6d7e1ad9611b6b2602667323e7df264d1cf3a647665b5bb7bb45b44ecb57386c21d99b04632b07e6553462598464db3683bf82c3e42c9ba961b584c615254e9629cf2141516696accf7151876e50553bc5f2bbd26687f02ab2a89360a9694bdd72a9698340407903cd94e008208bdf82db4d9976135fce42d3e2b39393e89e2cfc94d30869def37b009edc8c6caeb17bee729e03aca33389d532768de135aea97323886691c74ff55b2b8ee19b3b858a6a5c3f3c8ee94d33dfac8ef670ea087844ae3e8d2403da4a66dfe25fc083dc5336fabfff00a783ed541552d652433bda1ae91b7b0dc82890451f4d04134a6a93463b93828e17f3ee7b88de72dbabb53c2ddaadb39c53ed162514b4f14ac6d43f47b2fa1d56252e0e19198291f0cd9b83f332ddc53c5bdbaaa5f8e67d66fdeb6a9833511b6ae6befbbb137b77276a56e0ada2c33106d36cc51d5563b208e8d8f949ec6fe2b1ac56ab17c56a6b25f4a57dedeab7837d810614de41a77724da30a8d044d87284d4103a2e2b822ad99c02d9bc21d886234f065e8dfa4544d0d6b437401b61ec514971aef5aa29ea5eaeb5b450f358b56346e133fef50f49964dd5be50e4ff00a48ffc493f052aba8c279e9a6ea82b02bc15e3ef3255e152bc9cbf0b0760f943900e42b6af1f8f05c16a2a8d8c9e842d3f2a43b94d34b34cf924797bdee2e738ef24a630929cebee5270e5a781d3d44510df23dadfea36583c2c868e38c68d634347b14a82db5c7eaf05c065aa81ac326763067d474954625357e2a6a6aad2be47ddfa65bfb90a863a06d85875055cfb024704f766374e3729a482083a8dcab9b9678a768b3676e7f6fca1ef584d41cadd5432916214353ce3566b0505428a7e95d195d627dea085d23ee5525306809a2de48f38562786d2e21452d34edbb241fd27838772da181d45512d2d4b2ce89e7a1eb7513f478a99e4efde791ad739c1ad17277058551b28e3eb91de91fc026c8a3913264d9961911661d48dea859c91bac503c96e91e5ba89e14c7a3ed5c51dc8278d511a2f0b186f358dcd281a4d1b1feddc549f08f6f629068076282e1fdc42da96bb9bc3cfd61ef0ae86f5717dd65700ac736fabebf66d987c91f4cbc7392b740f637736cb394095aa0e5a268551a31448298f4795a135057d10bad138aa4a6739ed01b7738d9a3b4ad87d9e6d050099c073928dfd8b25f82d0263ae3ef4eefe29f6053ad65b643fe7f5ff00e29503acf5a0738798ff00a28bfc497f05321bd46a4f4d0ede465fad60f8b9c276868eb3a596378e700e2c3a382a69e29e18e58dd998f68734f583c84a73978587d71da184484f33e2e3981c3e972300f453e3477f2ec6d2f8c6d2508e0c717ff4a86ae92928daf9e78e26db7bdc02c4fc256cdd3dc44e92a5c3d46d9bef72c53c2be2d2070a4a78a9c7071f8477e4b16c7716c49d7abad966ec73b41ecdca2f8c0a29ed080a790129da1239620daac19cd03a701cfecdc561321165492660991b9bd20bc609e29b50a3ade9594352c7e97deb0911cd4ed7b7b41ef09800087903cf382f081b16cc72904f0340ad80743fbc6fa87f0550d7b677b5ec2c734e52d3bc11c0f26174229c738ff8c3fe559d35e99226caa9e42e9e267acf68f794c606c6c6f534045a88b14dd504fdfe40716bae9e4398d2823b9351de885e16b0e6c986534e37b4b987dbaa874a9734f6a7b6e46ab51996d20be1744fea70ff007c111aafc55d6b755197220e03820e082ca82e1dcaa7e2d33720a73a8e5626f275f21e25471971b95b0fb2e2593c6278f4ea3f77b532fee081d45c207aba913d20b9c3c539dd24ebe55b645a71fc42dfc529a7a48fa4d2b456e51c813bfb253ffdcfbd4db8f2469fe9a1a2cc534aa9f8d2bc156212d46ccf36f75fc5e6731bafc9de02ba256d1ed860b8259b53239d2b85db0b05df6ebec0b6e76d30ec769692282964618e42e2f92d7d45ac2dc8c5bc791e0d69b3623512faad0d1ed5e13a82f83e1d5607c53cc6eee7ee52487ad48fb94533d251cda2924527a679705a96c358dcde83b42178bf8bd5be3e00f47b46f0561afdca26f415446cba68b27101d7ba388b6017ccb67369f108ab2ba38ea1eccf2995bd5af6158062e311a30e36e759a4807dfed43c81e78a785e13f627c6e1762b4717c3463f5868fde307cbfac161b8618da269474be4b7abb53894107a63d09345807c3e398747eb5433ef4edfc8fdc9886f1de9fbcf29575f25a8229ab8f26df5373db3353a7a0e63bf055a399c41df593c741378f6dd62b924d98a4781e8b99aa23a48b934715a0b29da6d7ba19fbd6569ec5691a99220472557a2d1daa31a209e6ef3cace41c9bd3232ee161c16ca600fc42ad976f407fbbaa5a6829e06451b406b7409b96e755716d6c5676fb16657d37a7393f76f1afd8b69aa0cd8d57bf3e6bcced7ff0085c50e94455f974b2e1c81487f57a51fdd13ef71537a2828d487a6afc8148e2e792bc0ed43b262d15cdaf13edc35b841cb6bf1efd0d81cf52db73a7a1083ebbbf255d555755572cd512ba495eebb9c78f2c49a77ebe47836a6cb479c8f8c909f768b68f0dfd21b2b5f4e05ddcc9733eb33a4148f45dc8dde98538a939412082382e705452d34fc40c8efc1617e9057b3154cd6729e716d14f55a2aeac7bb4bac35c62ac8e4ea3afb56098ac94158c95bab773c7acd50cd1cd132463b335c2e0f621c9aa1e78a72db3da8148c751533fe19c2d2387c807877a90a7ef5740a0e4e956c061fff003fa07bc74b3dfbb4446a8845377a6fa4def4790a2aebe4b7b90e46ae3c98dd2f8ce135b17ad0bbecd56d2d318eb5c6ca121d0c47b11d0e874bee432c9b1f20beb13adee3de9c1591ea41a3ad3fd12b239bb93487e877a6bcb4d8acac3d8b56a69555bda988bacd3e43421c9640663d81607844d5f52c8d8db82b08c369f0fa611463ab33adbca6f5a6bcf62bdc2ead7ec5d5d24fcbeaa7dad7b2ab95cc824786ee693ee55b373b5123fadc4fbd154e6edb26f9375c14d602003840cfb54db9051a94f4b95a54adb1bf5ad8dc7dd83e370ca5c79993e0e71f44f1f62c4715a6c3b0e9eae677c1c4ccc6dc7aaddeb69f6bab71fa9617b39a822279a886b6bf1278953b776a9ade4893b4f2362a98430d2b3a9a140db442fb96d151788e3988537f0a77b4775f44791a9a5129de46cfcc1c64a771f4c69dfc1612fcaf6df827387344f00149599de4f6a92a54f36aa4d5ea06eaa8e5bc4cf72d8fc6c4720a395dd179f823d4ef57da81e56bc2bf9c28adacda566174fcdc46f5320e8fd01eb1fc14d33def2e73ae49b9253ca7aba053a4b0586d217b84affe51f8af07d166da08cfab1bcf210885c5446ef6a28a2ae894787726f20e52015b714421afa865bd191c3ed5427e048eaba75ee5606709ff0087b136d45608defe732b0badf2743dbaacd7683d811b9560894782710d93bc2747675c295b99b7e2144f4354342aa8fc20ee4cdca63d1e509a391bb90b1d07b561785cd5b52d8a217eb2b01c1e9f0fa76b5b97311d277e098d3d6806d8dca6b5b6bdc2d2ebaacaf95697d4ea886f5715b4f5269f03af905f4848d3b74521d7929cf495ba47c80ba93fd03dcaa7e37ba38fff00152fa2828d4be97274d7c28d539ee76fe4c576d715c4307830f7b63644c6b038b7d27e4dd75104f4dde9e145bd38f4b970da675457411817bbc5fb82c04015518405a21dcbc2c5078bed53e5b69530b24f68e89e56ababadfe4534ce86763c1b58aa4cb24ec906e945fdbc562959e2b4d95a6ce7e8b9dcad5e35673ae9cf73ca0cb95030054bd2786dedd5dea22771d08fb0ad9bc67f485174cfc3c5d1907feded4391952532a936705090157f30514c6e63d9c56d04e67c56adf9af795df7a71453d157b0baa3a6333f33bd11f6a8c68bc1ac57c52a5deac3f79411442b28be3588a2aeaeb7a720805656e42bc2b507358d549e1259e3daa8b3832f46e2e9f7eadfd69a08e29c2c740afdaafc81546925d37a4c414b1e5370a272d14bacae4c521e972b503c8dea5454924f2b63669eb3ba82d9ea0a6a28226b00b9d2fd6a3e1b9476ec5a7060f6a0475591b65599a89659102ea4cdbac178439dd16cec8db7c648c6dfed4ee488d9e8ef1ca3937293e2dddcab3fb4bfeab3ff00152ee437a8d4de90402ccd09f98b3c889db94c354c527043d13cad6b9ce0002493600715b2385b61c50324b73a1ae2ff00a36f93f9ac3e9e46e234a59eb7487627700bc3361e1d86e1d5606b14ce89ddcf17fc11e41c81346a9fe91f2365aa79c8dd193ab3a43d9bd625883e7aabfc91b9662e17ba700b3b0715e3310e2bf48c61478e359ad96178ac7580facb0ac525c3ebe39dbaf091beb35413c53431c91bb331ed05a7ac15745ae083c84d98a65414ca94c9c21205987941a5c6c16273b6930caa97d489c54efbbc94f2b3222e9cd2a181d2bba871513034003705105e0c98dcf89387c9c80fb75e42114545f1cdf6a28957d53f7a8757b57141705744f2f85ea363a9a8a6e3d361fbd44f74552f6f0729b8f6abee521e97b3c8dc09ea5e9b4a8859bc926e4c16289d2eb7940e9e437902a581cf735add5eeddf99545550b276c30bba0c3d27ee2f775f7752c1e6063ddbf7954e09370026359d8adbff003595ba746cb4b22c5b86a9db8f493b85cdd7854a870a7a1843859c5cfddd5a27720deb4ca169e40527c5bbb955dbc6e4ee67fe2a54144a4de117f526338a91f7d02736d641593149b930a9138e96e5c1e9bc4287f48c8df8594f3746ded3bdfece0b66661fa6181a6f95ae0f77592b67e9b34bce22bc23d1f8cec6e262dac4d6ca3f90a3c8106a0d474527a5e461f5afa59b30e2083edd11a878b8ba15325ad746793ad67775ab9e5c2aa1d0d48d6d9bef54d52278aff286f5b198d647f8948ee8b8de2ec7757b55d3a9da53e8fb13a95c16478598842529950532a536708481072ba00b8d826b0302dbcace6767e56df595cd6299dbd39cb302ae9ad2f2a36802c026354d50da681d21f60eb2bc0e073b06c46676f92ab7f70415914e517c70f6a2538abea9ea9be3390725b9495b7d87b2b366aa89df07c28f66f588343262e61075e09c733014ed1ddc54dc39427ee2143b95ec8147720153d155d755c34b4f197cb21b06adadc0a0c1ab28e958733fc59ae95feb3dc4ee1c0279e8f90de485bae672aa93c46939add513b417ff007719dcdef3c561f26599ab007831b3a56f6a808006a743709ac6ef0ee29a3fdd936dd6837b173250888462ec52c7bcdd784f2f762b0b783211f6ea9fcac37890dc86ff00224f8a72afff00f709bf93ee526e4146aa09cc028d8a47f009bbd483a082dc55ace47d028276fe5c0e959558bd1c4f6e66ba41987581aada4c57c7311cb07a110e6a2b757123bd6c6c0062040eab2c160e6a91a7ad12b1883c6709af87f894d2b7ded5c1009a100aca5779d06c5505639bcdcc373874875f5a64d62c923776b4a8b6ee411b03a1617585cf6f25916029d034a7d204fa670458e0b3109b3109b5099529b50161559475514dcdbeef8e531cade2c70e051605e11e299fe28c07a3671f6a7e17d6f29d8643eb1468299a2e495cdd28d1ad2ef6a81d1916ca026b02bc6c6e671b0589e21e353599a31bb978238b26c831debcf214391cd4543f1bec29e8943d24f54a3d23d88203c972932b86570bb4e856de61353418dcf0e51958e70eddea024c36ea4fe29fac67dfe43fd177728874792eaea8e967a9a98a18985f248e0d637ac95b2db254b82525cd9f5520f8697ff56fd15e1265cfb59337f870c2dfb2e9e75f21a9a0b9ddca8db1431c9532b733213d16faf29dc3b87152cb24b2be47bb339c4927b4aa6b738dbf5ad9b7e8c17dca89fa7726827e52881ea4329e0801c97b23c548745b7d29931ba9b9f46cdf70530d51e4a6d5bc9c7c893563bb955ff6863bd78233f65949c504c530bbdbdc9c72b5104209bab4f205bc77204e5ef5ec521e1cb4558ea56cce67c63d991aef541df6ed5f111dff0078fddd81783da7e77156b3b026372c4d68e016f4599b4ebd3deab613155d447ea4af6fb8a8d850620c4fd0290dcf9ec3a7b31f193bba43f158556373f32f3d17fa27a9dfea88b137f28b42740d2a4a409f4a422c78598a6ccb11a6af82b7f49e1aeb548004b11f46760e07e92d9fda5a3c6a933c7d0919a4b09f4987f25b5d4626c2647dba50f487e2a6935589e21cc31b61e93c0b9eae2a2ab7d4bee6e1aef4183791eb77211e5099bc94c9acc24f058a62b24cf2c6e8d4d90af0671737b17867d26b9def29a86f453828fe33d853ca257ca4f54c3a050402b2b2b72393980af0d54d50eda7a77967371ba9ae09f9459bcaa27971783bd48354d1a590ddcb238ee4d16672b41256c2379ddaec31a3731cf77f4b4a9ac068b6f65cfb59891fa4d1ee68f2a8a8e59a68a2885e490d87faac6e48ad14109f8282e1a7d627d277b7929fe302d9c79b35b7ed5426ec1c34d14763c54610b5b900567275ac9c1ba2dad944b8b563bae572977a3c94bc50e3c8171e43b9547c4e1e7ae0b7b8a978a098a63ab4a1d23b94c45c20a33aa90749057b1bfbd6ed3dc8a3bf90285ad68e75fb87a216674935cf12bc11d199315ab96dd18a2fb4ab3d363b6f45cd017843c18e1fb535b66fc1d43b9e8fb9fbfed5145a6e5913b40a5723bfcf31c5ae0531fb884cda0ab0d0343a75798b22c09d004fa409f4ae08c6f0b12c2aa5b56310c3dfcd56337db74bd85613b4b498e61b554ef1ccd5885fce4077e9bcb7ac298ea555524352cb48dee3c4772a3c3994cdd2473afbf85fdc9e9a3455f388e04eb3939846e5b1d0733b2f8432dba999f684c4dde8a216e71ee523b55747784fdca01f04d4021e414427317857d9e8f13d9591dba7a4789617dbd8e0a08678a62e934d7ac29db6e49059e7b75e59352d08eee40dba2fe01782e873ed4877f0e9a53efd149a1b15b49389b1dc464d7a55126fec36f20289b7728ed87e1f9bfea6a9961fddc47f17fdcaafe2dbdfc94a2f2b7bd6cf47bbed5441e183ee515d47bd04379e4f62777290ac7642eab9893bdeefbd487528f2531debe51e51c878aa900526196fe13fef52fa47919bd546e6a8ceaa5f49043429faf204d3f27dc9eed2dc805d431673f4429a5ceed3d11b943e9af05d8cd3504158d7d8191c0dfb94bb5f4b7f8c6803b53f6de806f9dbef53f840c347ef82db4da1c3319a78729f8585fd03d877841a2c9ca6759487f60a47dda5bd4b3799b72591684e85a5494a16d0ecaf8eda7a694d3d647ac72b4db5ed4cf1a6ceea6ab6f35531fa4c3f2bb47622cb27a7a68b2c46b39fa8397d06fa3f9acc984bde1bd6561717358751c7eac2c1f626a6f2109fb8a7ef4d0a4de10372a1f8a67726ef43ca2aa216cd0c91bb73da5a7dab6bb0a34d59346e6f498f237752cdce423ac6851dfdca4171da3940d51d51b377a249e4f04b15f14c4a4f569da3dee5552064523ddb98d2e3ec0a790c92bde7e5389f7ebe40582d2c53557c2fc4c2c32cbdad6f0f6aacaa92aaa6495fbdc7dc380f62aaf8af6f25032f236fbaeb0088e465d51db28d0dc68a24d4db1415f54494e25556914aed7463bee58a3ef2bfbd3f7a3c901b3d7cb5c7c8b2af0461f839eb8e4fbd4de9fb391bc14fe87b547bd4be9a6a2b8790e3737405ca0dcceca14cf0c6f36df6f2538dea295ecb59c4274af70d5c512894c3d24d75d48e0a5727fec10bf2c80ab79db2211605b49b2b418d52e593a1333e2676fa4c3f9762921c530fab928f1065a466ad907a3233d609c9c3558d56f36ce6187577a5ddc84ac323e72be919eb4d18fb5462cd68ea01353790a9b72e2829507260b31bdc1463cb3c9e157670bb2d7c6de8bba32f63b814e85d1c8745245d3bd8a734b5188ef6fb9007a8a6412bc5c374eb4e19469ef4e1cbe08e1fd5f1697e9c4cfb095b5953cc6cee26f1c29de3fab447c88f7a80f33847d2a996e7ea47bbed5c554fc4fb90deb098ef20ef584466cc365436b5b8daf6516ba2677269d534a0894ebdf8ac4de050551fee9ff72c47e31c9fcac36704ed08e5e1c9a5d5758e0d853bd47cac2a61d20b8a629be2ca6ef526a9bbd14395dc802d218fb79611d15c146eb8453904c3a295e9e53bf61150fb6ff3c792cb687058f15c3a487a0d946b048e17c8ff00c8f1551054d1d59a4aa84c335af94ea1ddac3f282c42ad94b0979d4fc91d653e5749239ee377137289e4d9984cfb4585443e555c5f7ab5894d4de5aad021bf9245d43b511651f99aca582aa9e48656073246d9c0adafd8ba9c2aadd6617c0e3f07275ffaa7d21dd651e141e771d56ccf825a7aa8b9fafe7a261f42306ce3da7a9517831d8da57077881988fe33cbfec5e11e96066d0cad8a11146228f2b1adca069d4a68752a46591e4f0590e4d9da87faf54eff002801784cab116cd3e3e33ccc68f67491f21bb8f5aafe8c9141c2089acf6ef3f6f251e1f26212730c3625ae23f9754ea19e2a8c8f696f78585513e322fd6b0d872b4281dd8a22eb28c8f6f526ea870e4b14eef58fbad83d6bbfb972ae774ca7f907d16f94733f6764fee6aeff00d414a4e56f2313c7c1bbbb947292b372c4c0d198a7bcbdd7e58c59a392328a705d4868d5214f47e622163182e1d8b52731570e76deed3b9cc3d6d3c0ada8f073b41174e91fe3d0b7e4ee9bddf2bd8a789d14ae63d8e63dbbdae1623bc1e5f06eccfb75820b6e9f37f4b4adee25379014d215583a72c880bcf18ed09c133cc95534b05442e8a58db231dbdae17555e0db04965cec7cb17d1d1df7ac2763b04c39e24643ce48373e4d6ddc88565e11d99f692a3ea463ec5510a9e14f16286f5e0f62e6f6468fe9ba57fbdcbc2cd70e730fa51f243e577b7a23c9c3a2e76b69d9d720ba9a4e72799feb3c9416c63c331fa624db478f785b418452d55387861ccce902a860e6c748016507447728dced3d8a337b28de130ebbd350e4758adac90b300ae36fdd772ab3790a7790dd610afc80f2e1ed3251e2f17f702403ea9475895931017d3af45554b514b5124334659230d9cd3ca390f259431e62a792e6c370f299bd70442f969db9489c8fcc455910b68365b07c6e1c957002f1e8cc3491bed58c7829da2a599fe26d15717c92d203bdc78a9e29a091d1c91b98f69b39ae1620af0430f3bb75447f8714cfff002a6a60e57bac88bc601ea446bc8f508bd644ac9bbfcd14422110885b6c44b8fd69df675bdc14f0eaa7877aab8f294d52ed845b3580e014a2939e924a36c8e19b2e569fcd6d3e3aec671596ab2b98c21ad8d87e4b470d3c9c21bfacb9dea46f77d899bb91ef7b22710483c08d1536d06371f4595d358f0cca3daec5a370f850eef0382a6dbaaa6b46682276e3a021527840a5bf4e9f2f71fcd52edbe08e682f7491f7b2fbbb9516d06095007375d17b4dbef54f3c520e84ac77d520af6597b791cb6ddee66cd577478347bca9ddd228f910fc485bd71f2367407e233466c04949303ec17ea2a3d62f6209a9b758cecbd1ed26094529cb1d4f8bb0c730eedc7adab16c2310c2ab5f4d5516478f7387583c4725d13c81a9ac2e700a77b580b1a7bfc88c5de39034954d87d44c7a014d816231421c6175bac27b1c0dac506ea9fb93ca28fcc96565658b6cd6078b35de394314ae2db7396b3c7f32d8ef0730601b4a6b21ad3246e864608dcde936fda9a9a34451759137213d39b725109ea845eafb8727143cd9e42b1c7f3b5f54feb95c7ed530dea58ef755f4c729406856de4b9b68799074a6a5a783fa5973f7a769a793850fed7fe094ddc1715293cdbbb934eb7401e2059089e074ac05afa951bbe109df60ad76b7a445f436374d9aa03982e3775eba2a5ae9e3cae0e7037ff7ee516d462b0c9d1aa95acf5b3e87a828f6f31982f9a412b075b4123bd41e1088b0969e237dd625bf9a876e70990b83a395b977dace0b6d76830cabd9ba9653cee73896ddb908d06f4f7b4f147c8a7d585056d104515b3f30871ca37100824820db88ed56cb2ccdea7b87da826dd356c3bccbb278613c232dfe97596d1ecbe1f8e5173338cae1ac7281d261ecfc963de0ff0068b0ae71fcc73f037f7b16ba7d21bc7218e40012d3aeed37a6c5d6884c12642582e4fbc22083a8f229222f9ac3a93a9dcd22eb0ec0f3004858661b1c0e69ca11a5a5a9c3e26c606a35ec526c8d13cddd1b554ec340ebf36cd537606879819a317b6ab68f6223a663df15c5b827b72b88ea47e68a48c19f3dce8c22dde9add791ee45307c204f2af675d3980ee535c3961c073b277208ef4df3b50e2d82570e0c71f7055a6ef79eb2a6e28855fd185c561b189710a561dce9d80ff52c5aa85662d5d51a5a5a891e2dd57d13b7f9037ac1ddfad3d9ebc6e6a60b37924f40a68567d8fe0b2f45a2fa93d48c6dc9c09cd651e5c85b92f7ddde9a49b12c00036b9ed4e6db21bdc5891c3770098d69b70207b7459b35f5e99de375bff940b4f3995c1b96e0df78408ea3c0170e3d8b15a87b30e9b570ccd2df6757954bc794228aa4979aada592fe8cad2b126f378ad6b7fbd27dfaaf949a82f067287ecb46df527947e2b2af0834db4f5386b60c369f3c6efed195df0840f9207575a9f0fc729bd2c36a1a4717c47452b6b1efcd3662eed4222a485d6d1186507715ceb8e9236fdebc51920bc6ef627c4e69d79366690482a653f232b6ddfbd1cb255016d2fa2a38ec0772a76eaa8dee68d0a8e60e098028c05b570b7c4a5ee2a71f0aff00ac7e69a26f49ddc868148fe58bd33dc9c5151bb82a98afaac37d39bd8ae9c9be6ca2b167b998656386f10b9551dea6456287e094123e3933b77b7508e8d47c9a398c55513fd578554cc95550dea79b7b792d98103a9084682dc7beea38b8d866b6eba8a99e41d40e22cb9a786801f6b0d459471bce8081bba36b58712892d208d7dbc37704034969ca2f9780d2dc5666ea1806bd139ae7dc8bdcd07465b78d3d9c131cee88b07026f71a80b3003a03eb0fc963f3385064d3a4f16e1bb5f2a97d228f293c92e8dbf52c62de3d1c9fc5858e47d329a9abc134c1d82d647ea54dff00a9aacb2ae975952534127a7131df59a0a9f673019bd3c3298ffdb03ee53ec1ecb49ff4459f51e4297c19e04ef426a867f4b94fe0ae03e857ff005c5f9153f827adfddd5407fa9aaabc1a6d3069f828a6fab20cdf82c0bc16501c0dedc498e15731cd99a75840dc070ef4cd9c93027d4523e664a73e6ced16bb48d2fdab0d8f3d5ebc151b3a2a062837a8dc1b6b8b26382615b4841a297eaaab68e7e4b7ac5108eff99e81bf02e776a749e44674777a2795a73b3b42a46e5329ed086f450dfe45fcc158fbb2e0b5dfe11557bca7a70d562c6d194de29c6fe5d77f693db1c77f72ba6bb290532d6d584ac91b6d985bfdee518619410fb0f7fde831c1e751af150b491f2bdbadd477b13f87dea361e6d97bf5e9c4a11f4ac1fd3dfbbafee423058ee8bf4b6fd7d8a3702e7657687a3bb4b27dba5bb3586ef77b96d207362a6078927ecf2a9fd3478f90549a8589bf9cc3b077eb7113987d853bd21dc9bbd05e086639b158ae7744fb70ea4159595959655956559565565b51366c5b103c73e51ec16584d300f7bcf5aa368ca1538ec5037555cfe6b99ed7a64a2e3b531dd15b5f5592826b7aa53cdc928ae3e41f98ff0048d440c2d148f945f4c8e1f8a976ae9e0f8ec3ebd9ff006337fe3747c22ecbb7d39e58febc2f6a836e76566f47138bdba28f68b0590746b623ed431cc23ffad87fa97e98c2cffd6c1fd610c4f0f3ff005517f584daaa676e9987f98264cd0410e1ef50e5ca48e27978f2dfcc95b4ef0dc06b7ea01ef2aadda94e4e58d691adcdef44793c1305ded1d65621fdb261ead87b8723bd172134b195fa4097b4e8dd755155b086f4ae6f7ec0a292075cf1b1dfa21e2efd0e6b0fa4a230860b3f4e0ddf759e7048bb1ecbf075ae9d2b868e89c03b70eeee4cab8c32ee79cc0f4aedb14da9803fd2696937b5d35d6ca6f6173dab699966531b71777f9507c60477ab21c853f72233ecec4efe155107f993f73504db2f04f3066395717f1297ff0002872d9595959595910acabaa0cb884ef77ef25710a8f43de55330ee54ec1650b6cb6834829ddf4caa3ab8e5cbd683fa2b6eaaf25149da1129de491a7cc9752430c9e9c6d7778baa9d9bc0e7f4e8a3f60557b05803b56b327b3f2b29b61037e26a5e3fee387df7526c8e311fa13ce7fa1ea6a0c5a9bd319fb1d496fb415178dbb7d35347db98fdc10a495de94eeffb7d15453625447f55c4a78bb09cc3fcca976db6920f8c653548ff00edb953f845a1b7eb343530f681ce0fb1506d56cfd69f82ae8f37aae390fda9af045c1b857f3456d7b80d9eadee6fdeaa5ed77144745158e0f83f6a7117e476ff00268db9aae01d6f0aacdeaea3eb941335700b98cd97416eb0bc5a23616e28518e89b0b9d744da799ac2e0eca7826c424b876f3c46bb978b96b05a476b6b05178c44c2347fb829262e95a4b7a5adefc3b11ab65cf1e17fc11922e245ee3bbd88c3452387c0e536bdd62b474a68e4e91e88246b717f2a2f8c08f9053d500e7367b1665be2df1c89de82098bc1a4d936b2947af14adff2a08799aa95b14123cee6b4958fe00f608a688e99c69d4a69cb2aa260dd9c154d1fca50b744cd2cb17607d2b3bd435269eaf7f15154b5d0dd6dd3c1a67ea8a721e470f999ced13dd75651b3543729a82866f8ca689dded0a5d98c15fba0c9f55d64fd9083f7554f1f585d3f6631269e8ba378efb7dea5c22be2f4e95fdedd7ee535144ed2467f5050c3554fad2d7d443d8d79b7b941b51b554f6fd622a81f4db63f62a6f086f6dbc6f0d91bd6e8ce70a936df672a2c3c7046eea9065fbd475b4b28059331ddc55d5d665757575c56ded488b67a56ff00164637f15507312a297a594a7858fbf2c4d1eb14791fbfc9a0fedd4ff5c7fbe2aa7fb5d4e9f2ca0983509ac194f4bdbd4a261b0e9e6b8ee4c1cee4d4d86eebba2d7b1fc2dda78a818cd730d4f14d6b596eaecec4d65a4fac3a3d614b1e79356eb6b69f7a929da4bc5b75bec4ea183d12ecbc09cc8c515b2ddda697ddaac558e6514e739e1ee26de547e9847721ca4272d9d064662f0e9d3a371e1f235e3640fc0a6a6ad8ea9e6369f097ff00fc868fead1350f30e365b5f5bcde0d33735b9d74717f5bb55525c68edbf368abb0d739d9da3569dca180e58fea851b4d936da5d56b2f0f62c43a3507bd5357814c355b61897387203c790a1e41dc8eff00991ce4e3c8d6dd3596f26e8393831e2ce683de2ea5c330e937d3b7d9d1fb93f00a13e8ba467b6ff7a7ecdbedd09d8e3f49b97ee536cd4ee1ac2c7f7107ef5fa02a699d7884d0f6b2e3ee51e2bb454be8d6e6ec91bffc28b6e31a8fe3685b27d47fe6a0f08b87ff00d4d0d5c3db9330fb151ed96cdd59b475ecbfaaee89fb547530483a1234f7157477af0a789e59286941dc0caef6e811abb9598394526766bbc2c7ea33d7160dd1e9ede2b8a0a4f4b947250ff6c83eb8556d2daea907d7e469ec4d0ebfa56b8d477a67475b6eb6a7ad43c785dbf7220093b058df8dfdab4e8f036d07109ba696d32db4eb54ed0e66f22e3de146eb024eb7f694e126a6dbf781b931baeebf107acab589b58f1ed58b0cf875466b660d0edfd5d5e533d208ee43c87ef5b1194e3ce6389b3e9a706df57bc26fc5d93536ea8a5e6ab29e4f52563bdc534df5ebd5043ca26caa6a2c0adb09f9da2632fe94adfb151543cc2c01d7b6842a589af78b84014dbdc1ba748ce6aeab7158594c6ee58ce3ccf19765771d53f69240d2d0555553e77dc9574e43c87276ef98dce45dc81a836de62eaeaeaeaeae9f95e2ce6870ed174ec3b0f7efa68fdd6fb93f03c31dfbb2dee71551b2b4128f8c78ef0d77de9db21511eb4f5f93f94b7ff12851edad37c4e221ddeebffe49b8f6dfd37a7414d523dac3f62daeabda7afc4a6a997057b016b5ad6b5d9b286a9aa666b8f3b0491fd66a86b5ba59ebc6e485d9b806dd49217bdce3bc9bf2c9bf9787246ecb231dd442c4c7fcc5e7d76b5dc8164668eb9bf5222e464241e2dba81c75d0e9c77a8c6b7208cd626dd7c547bf5dee0b337386381206fd51e6db1d8eb63fec285fa02ed6daeefb946d2ed3366dc352372be566eeb4cb59c4dedd416200bb0fa9395b6c845b7f94cf4823bbc92b66a42dc7a8f5b662e67f50ee29f1e49a661f92f78f714c4d4ddc5607502a307c3e5f5e9a23fe543ca25544e002aaaa1cf3658fb6f2d3b0ff000e477e0b0f883b5ec54b1d904d769758956f3513fa4b6971cab92a3232521a9cf7b8dc9e509c879050d47cc374e723c8c6a02de72eafc9757575744a27935eb52d3d3c83a7131df59a0aaad96d9ba8f8dc2e98ff0025bee5e10f66b66f08c184d4d13e29a595ac6379d25b6deed0f9120e53cb5327390514b7d72643fcab8a1641c1af1ae6ddd8996ca2edbdb4de9b60058e5e37e0a27bf5b3dba9418e6b6f63bfaf728ddad834bb4d0152b9cf0d75c817d6dbd44ed08e89cbff00c204b438b5dfea7da9b70d71cbadb51bc15b98fcad2059578cd875496ff0ddaf5f951fa63ca2b0f979ac4a91feacccfbd628d0dc62b80161cf38fbd31350b596c14dceec96167d58cb3fa5c421e492aa27001d5555517bac153d397158fb7fe6a5bead3b5befd551421900bf10a16688d802aaf118e18f7f05b49b4f9aed63b5534ce95e5c7c809c872008a3bd31482cefdb8a2e45caeac84680e43c83ccdfc9baba27c829cbc30d6e6acc3297d489f29fe736fc394276ee408f2d3b8bf0d95bfc291af1fcda1e40b3f41c0820dd35e0000eebee09ae2493751cd983b8746daa64dd21949e0d0ede80ddafdb6b1b294b33586f1a028061d4663c01bea50735ac3d1e969c75ee45dd0b5ae3a93df9a36dec43b8ff00a2c49ce1865469f237eedfe547e98f20aba27541d9258ddd4e07dcb68d9971da9fa591dfd4d438f7a09abc174f9f659adfe1cf28f7ea87904a9e6b71557545c6c153d397154f4f60a7619b18c41ff2449907f28b2809732c9adb3555bce4d16d6d45573243744e2e2eb92aeded5d1f20f281c8edea30a76e97f361caeae3f6029ce45dc8026b7cd9f317e4bf9253d7848adf19daeac17d210c887f28d7efe51c877a1e461daf8c33d785df66a81bb020802789d38fe49962596dd6fb3b9345f561bd9c34fc907669321cdbf7dd642c98816ddbd358e12e619493c7b539c43891b8a63cb5ad194bb5f722e390588e95eda75271319befeede8b88dcdb2c69e061ce16d4dbca8bd3f20f2594ab69db6c4a076bd3a481da8b70ee0be514102bc124e4e1788477f42a1a7fa9a872dd4d358155b586e405042e7b95353000202ca5a50417b77bae4fbeea86176a7b51dcaaac187b96d6d68687b7ad1d4f91757e50392e9ea36f4539b7694458f9a61d3c9babf9bba73d13c81a5016f28f9fbf9453b785b4353e318fe272def9eaa5fbedca391fbd0f230afedd18f5ae3de1334047568814d66ed3ff0084ce71c7b37ab024e5ff0065462fd12771d3ad44e7071162e3adb8a6bce6d47df60b474ad73811a6ba22408dc2c0eed38ea8bdec771f7593a677475b923303d5aa95aed75205b86fef58fbed4ec1ebbef7eef2a0f4d71e43e44bb96d1b473581c80019e81bc2de89ee08fa4821b978229ff5ac522eb8a377b8d93792ea59800ab6b3828627c8fbaa4a50d1b906d93bd177715ce06fc1db56e8507640006e8afa2c45cfc8efb963181d7d5d4976abfe149da45f8958861efa594b48e3e485b917ace56745e119c00004677a3a9f34d57598dd04e7140e9c975757e4bf90791e4a3c8d1aab587967cb28f967ca2a6366bbb1a7ee521264713c49e56ef1c878ae0a2c1299f131dcec9ab41f93c7d8bf40d2ff00165ff2fe4bf40d2ff165ff002fe4a8b03a615707c2c9e98f57f252e034ada99873b2fa67d5fc90c0e9adf1b2ff0097f24dc1698cac05f2580eceaee5fa129731e9bf8f5701dc9b8453ba7ca5effb3f25fa0e9ad7e765bfb3f24cc2a16670247e84757e4a9b07a795c0ba492e4f67e49d85c1ce49d37683b3f2470981a410f7ebddf929b08a7e66139e4b9eefc94584c25c1a6492c5bd9f92fd134ed95c33bfa246ba5fee58de0b4e648c73b25ba5d5f92fd034bfc597fcbf92fd034bfc597fcbf92fd034bfc597fcbf92fd034bfc597fcbf92fd034bfc597fcbf928301a5cdf1b2ff0097f25fa0e9bf8b2ff97f25fa0a9bf8b2ff0097f258861b0d3c19daf793980d6dc7d9e43d6326f82ecf1fee251ee7271d426a0bc153dcdda495a373a95f7f61087248e202ad95e015e93f55451b34d14605b91fe8bbb96294d132a8b9a2d9da0945a2e9ac16550c6eba2929616fc94da587c6e3197e505b75046dac7d82b04e1e45cf94d00a8b04a47ecd5757173f9c88b0345c65d4dbcd7fffc40029100100020202020202020203010100000001001121311041516120718191a1b130c1d1f0f1e140ffda0008010100013f10b5b127681c9454a944a8c302c3b6097b085d111d4192bed8ca8eca5040b0972e0cb988f075c75ca4ea1ae08151e58b19ae52b80212b865c5232e5f0d201c774594b15020495094fc6b96a54611180cae4dc6d2fc9c0840812a070a98c82c99a270c7e04ae6be24351e6b9ae0e2d804ae008ca603cd44c4db83097a9d445de20f50fb894d1dddc0c0b0623be88ee102f2b8438fcf0ca9dfc587198cf317318465e212e5cb9df0bc2c410e32c46298258fe204039ee532b2715cf7c6231e02590fc658c9e317e68ac41033c54d9caa48ec312b10e6313863c1086e3f3396ab7f138632d8cee13a8c2753c40e1891253118f03a08abc465d46a488698a6d8441e1016e334c04d2590cc197c3197f03e398c65cefe373a8cb8b180234cce63946d848bdc140e2b80632be6f388c12d53478da48075f52e1098e3af811d916208c631f812fe043e18e3be486f1f1af71dca95c3373ae3dc631952a511848e51f48897188eea11508a6a00cca614a08ef38e0c50612f80f817cbf07b8b3bf83c12f71623b80476245666588c3a812b8ae0380951e2be4f0c438dae572b631ba860b3652c1e0f89a8f31621c4da2f16c6b878be196cb96ceb8ac43e18e0e1e2f9254c5718e2a57150e12571512315182771b7881388b9a2758c23dd30a834941986458827cce5f831e08462cbccb8908646f3165b01964320084cf04a9529f957c571139eb85ca5b8fa8c54d46dd2fe01081c1cdc11e2259c1231e4999d7cce7bf8f8e19dc594952a547e6f39e5892a24a8c240633a9698839a25ae22f0c8b0b325488e595f0af5f26313e20458f1bc55b88f18a57ae2a12b8ae6b9cfc2a544999e7e4c52d932c257374cdc22b086e750f89b8c8707318c78ea1f15871b25f17cdf271f88c42a57b9e7e37cdd47e167c125128e5221186f02848c1250e0eb82c644d1c75c63939ae523ce62d41224662b1b60dc600701f2d9f1be5f8f5c64f90cb942c2e98fa7818ee308421f0198a0c1c1f93c78e49df3671df1dc2d872f0fcca8c637f1c47be57821f0786f8c4a891837a828b50548164ab8ecb480a7c31c1c57c9e158d8e294ac44237004a81c544e2b96f9fcfcb51e3337c2fc5825ae55ebcc4e858dc7a95a4210e6b9c9c0e391bbe75c67e558ff000750e1e1b98f72b97943e04371a843ae7c7c1b632a24a82097321b3aff00398934e3a6535f2ee3cbc3a8c465d2f86700400eb8a95c152a27c2b3f03fc271d478263912e125f8a252351557c137be04ebe4f2451aa829706f8eff00c57984efe043e56783e44a870bc5c279e58f1d4bf8d44890e52e126f54a04ebcdfc31f0ae6a301180808ca99a812a5729fe33fc1d463f063c043704bbc25e7503932e1087c8960e0b7291e4e730f95c1ff0002f0cc7cde165c187153bf83c97c57158e1331538657e92b20c33186f9a9ae08f18e1816fc0063fe7657cb3f24231f831380ae6911d162e03eb1292103e37c6286a1b202247e3dc22e65c39386773cf1df2f17c9311e3ae18a475087a9dca3e0f15c570cb8c6b82224bde355c0739e3309672cbf1c9b8613119b4632a24ae2bfc95fe34952be1588c12f70be9ca1b5079f2e9d26596f188f2e9e05a9bc6318c7fc473d716cbe57e0fc3ae1b8c4842040952f90812b879cc438b4da00410e2e598e0656380e1f83c6a6e9bb1e1ff03ae6bfc07f958c4224c4cba5683465c8d2589c0e58eb97923e0418dc79c737cbf263f0632f9f3f07e2c2173be315c3c133fe00e12420421f01e3135c318f0f03534992c6fe0f070707f96f9af857c18f0f0b94b9545fb12f82290484a97c9c3b0e0b8312313e164cc38ee75ce7e6f14fa8c7e35c3187272f030f83357195c19495087f84e33cd4309af07e0ea3fe3bf8df172ffc5e79624b66bb51b5e863ee84b4421039a84232e690ee04654ae199e6fe07c1d7c5e171332d97f10e3a8c61cf5b9df0f043e2cacca86113113112543270703079b831f83ae7ab047e3d7c9e6de197162cb972e2e39be1f93cb120b50e041ac6e52e1c8e1e4a8ea5c30231e18c77cf50f81f3af83c3c84eb9677c6a67e55f02e2cea101815c244821078390cb85f039f8bcc620cb18ff91e3ae2e28c5978972e5cb20cdfcb1c3c318c1865b8a5c1bc32d632d1160842145fc08b32c2750c31396f87821c5c1970f857091e1e1e31c931c3c1c13aff00186254fc72912309712414c9b8a782e0b098e08c5e3789a33747fcf7148b2d1e06b0bf700e9202117c0c387978be1892c5344e98ea98fd0262c3e0cb65c19888431e1e198f99f0be0f83166781e0e0b6546b9af8d11e0be167708100f93138780e1892381707b70860cc7c19bc19a30e63c5478f715f8b2f3162c628833b5408d8fd623f430275dd82bf9530766b2321e5c10a14d183f943068800c442eeb287c04c280c2405c41f70f9d462465af87bb9a8ba5ec9798427536f0c20c799ac18e0c631e123c5724b39ef9dc631e2c8c7e4d46510a213be0f8af2381ae688f0c1144b2d98f9a8c2d337261108a48a0e25e38be19b70d66c22cefe572de7a8b162d92978400558012f0b947e78ff00b83abd36e4782e43e85c36941bcee9c977ab99a18ad911fd7e23c5ad0fbbe5e3dc49723a1fdb2bb10f570a7f080c42618a9c4bbeb70569bd57d4187373ae0e58c36a6b3d31f5301970d308317862f2aa1d90621ada32a37c547e39e03e2cbe77cbf25cf39f8571a998a4be0181c9c5f0c58b1e048878a4118661717b976869b970497332e3b8a09ac59632f8787e4c58b138dad3a1d89fd1e58c0b5db1f50ff2a2caabb6558dd78826a206a01d8d37badbdcb536dbf0132be5fea6de8aa4b0e5f03dc78c809b0af0319020b6687f707c4bc3217e9b7ea520aa514fe3bfa2306ab0e553780b465065352ae81b820b2c7ec841f9f5189983109954d3a6e770086e68ec21065f07825a59c0c118c7879cfcef8677ae178b96c7fc4420df388b178178815c8cbcc387858a5707812a1242648e9a58cc2c1081610ee1c0823c4de2cb78cfcaf862c52b27484aed743ee3c4551ad27e14044e3dab2fa084189b2740ebede605164cf16efeae88c09f4d53056ab057fa42edcec346d57c7b65203a880ecbd0f5ea7453df696aaec68e8980a9648ab157889001a002aa1e144ca6e698aa82ff007553635c507d56de87351597d7c8e58c3b8ca8189d319531b4dc14727920423840f03c54cc5af86210e0f83f05e58f04f1f1ee109d4be1e4141f0c4cdf36702c5f80408905194da3809698b50730be06f98f8a1c3184199972e2c5c420f8201dc8ab8dafd2392fe089e8ed98e4bb5961940d814b1d9f06fe896fc0671cff0061151da9964100d55913d63f2cd03b5593eb60e9ee506c58285ebc9fcd84d68005355327d4a5e10de0523105523165ad591a9dc4fc09f4fc4e58ac632f9a3cb11e62ef7d12f3c09949d47821c0588310e631f86381970f95c65f2c7878a3862cc71df072a5c58bc07a810e578be16a2e62c6629e1871d4496284ac4c18b09a10e0be54134e079b97c1cdf0b14533f6f79781fb88d7cdb2ad63a981889a65ff0012d4eaaf8dc7e6aa28037ccfdfe3db0c3b02c939fe59528ac821ccad4c462a18dc0a14188f6bc331f6cfafa385fa87c58f0bc0db84e18d4d0705c610f8908ea1144666e0c3e58f10872fcaf11e33e08f3d46621f25a8bcd7a870c3e0c588971f879f83065c710fce3868726e070703378c71c2f0f1708bf054a2737bf461da4dc149d77f535aa45414cd01b0a4a1b60016abd7db0d8d8d65fef3dc2d11a4669a83e0ac3313033bc07480cb13d0cb97c1cbc3186c603823889a65ab8b33c5a610f81c924a818772b86315e2f93fc0cea31e18c199b8cbf8d3c28dc06101087c9859b8bc3cb0e58644854a86a421f0ee5a88ea6d1f9d9e7e0f07b800c1dfba23c12a7ba26997c1f5048788858f475fd1860d25a0783cb90c458b1aeea3d1be9104a91c5ca7630fd5a558763f703060c397863369740bebb19c751bd4b0c21cdc1e0788e218f0c78391872ff81e18c26a5f14ceb958b98c330081c57c1cf0c5c58c39effc041255f9c772d499e71c1a4d63378c787e7dc63e368ce9fed51d71b0701582890bc10ad23cc52b8012b027958ad7d537f826c8c0a880878e8e075cc0b7b8800a802c23b4c2a1b18168399858a55295096b31495332b977b656cc1c715ad96f9830730e6be05ce69f1497442d97b09798570b88bc10b84610ee16a0cc7e247921f0c70fc1944ea27198f2f0b16f822884ee66e1c75ae170458b166d98e6a75cf73331c065c4c614b521a97f037338cdd8c62f1708ccf1d463cffeec3d13684296640770c5a5d1e63a9905f307405655e0db18f6e185e46a90d91ed07ecb98fc8b4bfde54b54d076e94cce990f1ad60185470b48b7980d69293f860a5b715ac14a4ae9d4c1b3360953edb8dc5435712f668ad9615678754f98c2645d8ecbf6917035f14385cf89b68a0f2a5e20f0b9e0210e1531d91d419e0ea3f0f3cdc19df16f17199f85c2c6e3c5f2b178770330332b938cf2b178cc39af81f07789b212187e7c568425e2152f8ece2cde318efe05f0f2f1aceef61f5c1ea07dc47f00db296d71a76fd4c3bf1172d658dd6f5de2396cff00d4b3174a204dd95e66b32122c0ca66db4657b40dd8fd1491aa4db76a85f6d812a73843b1cd89607a48ead5bd05b4ae997b00a57570a76cb4cd3164cfd57f2176b356dfec396e03f0eb861ca59242b34dcb6d4bf2c5065f042665c26086a07163c1c1cb0f89133c6233a94c79b8ef862b1e2b8af8f7c59165df17f0ae1ae2b92663ad43c37f64f2b80e0e7be358e4635f3752e3ce2e68b7ab12034d5a523db45c6e029f115e0882d57e88391462788518101e39aac9b5db12d52f2dfd7a895aef016ef0fdd0661608e2db10316a42f1ff00da2400287f3c829a8b7daffee2e06b8be58904b65a274c577a9ba3618421c1c918781c7131e2e75c3a8f37ce7fc2f1d70b06f807c4ae31f0d7172f12c9bf8863e38e7a95c3c022aa1bc01be2f8ae348c1c1e59e7e2cd3949950ef329231c89ca8c2990a8260c916fb4a6e2534118c457995afa7514ea1a0dd546b99d32aa22f21bc896d0cc5ea18a2db80f6163cea6f8dea699ddd12b3efb232ace13274016ae58539f8218e9afb38a807407a3ae1a4184b9d478785acd72341a217bbe886987042679b8e922b269053c8fc198e0ff0002c6570fdc6625e22f22747c0f8ac58bc1f038be7351e7a8b19ba1904fce292c25ccf399798f118096ff00098c75c093254b600fe324b8c2901fa108058829318657313562d03b496c524906929e84c8c3a6ab2a67f72a86697fd5c35139b32d59b56068b571293e242b692e9a46eb5682510812e78b058fd4b62afb5b4398ad0aebe38a155060c18398a0fc18602e042ba583cd9688542108703086119611833c18f352a510f81cdcc633c3af936e7240e1e2b3f0b9645c723fe763346080afca3e2497f0ee6a46aa6b1c787938be58df02a8538b1117d13fecec877bca0ba8f4324c6a81a605445906d0bea241778250fb7040af712fda0581b83a7f526615f9c097e08f670d811f4b18a21548bf57140154fc405e047cd5993c26489ab44fe2824183082065f2c780c4ba5588d665f7a144f04210970870546d41831706631f8a4ae7a87151f854be2e2f987e0b2e2d4b8f2478ede0d7f8d4edc2fec8f08ee4832e199708a89d4dd3bf0f07c98b1716f8899960a1c46af337dd7580622df7a8fd2133b3529b80abea5e2150a807a5caee267d077e94199b81d3e15007a818d8f7c2a77e08e64221e82943cced1029c4532218c5899f0f22b3f64ac39a9032e5c77178692d80e074c61b0286e928418679b97b8a46286c872f077f0254783e18e2b865caf86388c2c080707cae5e22cb8bcd70c7820cbe3f13be4df2f26d987e73191c8c196419736478e35e6c6625bcaf0c514a261863729e8882ee65bc878bc94057ba93d42b9dea1918b6cf491e5d531ff2e608ec8cad8625592917800832bf07113194c76005c058db1fa01288d1082abd20d8aaec0551182bd4ac34db76ec0295e9caa7f43401e7c4787e754fe1f272b8a1843931892d7344e98df192b5df52c9121078b96cb9712231d9c55c087c0951391cca2351785c6178b628301854cf2f188458b1632e3f363c5c663cc63c5c18462cedc455371c2904102438227535e2b197097c32e2c58bc464106dd11fbb1f2fef425e82d7ea38e5dbcbb4faa24d327ff5218d0c4f6e0f81985ee2f0e4a52309acf70cfd2268d87710d4ed6cfdc10b3e907e967af7a4ff0012b03339f7bd718f1e4587732ac0140fe254706c40fbc2341101436fc3e4e216260f0c6302d02143b152545e89643420cbf9047afa83092089138a83c33119d4b9798c2e6316f35081c843e0f0a47858707c68e198832ce565c183062c518db4a138e2fe355a05fa80d897b113f8848c18b8d26d18f2438b8b15c91212e9267fa62bf18d5c53c6fe6313c2b310352b57e98b845a2bd00de181106e034ca3820d4245b3f75ca20b5c0881ddcc3fd3710288dabb576c1562c19a66a6916558fd44187383440fe20fb8ac860e7f260634197c54486c65d2bc07b991f2620b2b825c35c54a8131c22e0462122411e2e5cb8b1e0b97997c1f0a60724bc7070f0b2f863f2387938b8b1496720c3da2e38162ca067b539f401daba20d5a9575ca9a52ade185ba35a93086bc366255b510dd31954cf31b307949040c70aae0d98fc4e144e07ff77eb689e099014bd57c777f3b8b0d629ddfdc4451f81b8c8789b92e0590f0490d6d0ea021c5ec65c2cea950d80f4ca2c19b350cfd76b1cf2ac22dd8f9e038971e2e056656e3c3bfc13248b5142771e025b2d07a62271fc265c610840a81f1ae058dbb8c0465e0b9645896fc09f0ae3329f962b858acbff135c5cb8dc65c62e2c525c7062719cfc35f98abac3d0761d9dc12c308854cd8be6f75fb5620c38c215801db07d4c7f31b5432a092efb4ef71eac912296600311b046b346fcdc301593a4bf9e88f6418f3071349da3cbcdc5282082a8016ae0027b9838769faf4966c652a3673f81fdf2df02b3b8ca45ee2da42fa9a344d0b657bee49af73ee1210a380ec758dd0a182ecd49692f975fcf24be7a88a1d11020f7eb3fd7c03d7070eb85acd1ba678c0f8aa3cc394988cb97cacfb63ef09183c3a8c20715c5718e33f1be558bcd3c67fc16c5e2c22cb785cbb716cc65bde1322853bde2f6e7f55160555696d5f2b029ddfad323173636e02eaff00c211685a62599dfb0d7e627ef38134ea28b508e0e56c6d55b56fb632b28654f1904fda4a78fb08bcdab97f52bcb5dc4ab6bf94b15122354fe46566ad7543b14afb8a95961ce81e01b71e26c9b4787865c523215447cd23b069fcac4bd298d95a23323feaf511144855b052c1a7491de65afd92e8dd0cd27f7102622b3acfd90d6d3d194729d05fc212ec0ffdea66f5f1de1c346ccbfac0102452036d366d79622763fb5b787e417514f3c16d4a03f2c0f0050f203fcc1c0e18f0b9c07e994cb50efd04d5f5c0810e58c7863c36df042a1c66307309d7c5e330cf72f92318599e2b921c665c5e58b18bc2e09140169680f2b2c0702fa6fd3fa896826643c48b3ae0d0a806d5a0964ebeb13f70c924bf5f0d5a77974c726f7382c2ec895ee3c80f4d2d7bbaaabe7a62ec5bc86afd2602cc29b42c6e3ca898a59a28bc5258bed844bcb0c9ee820bd6fd39209ea43949dd28f3a4a4850ac160b9a5f2c02807630fce5a350247c37ee1922c4394de317e031a1c63f5d66805aac5f467cdff00aa086d710371d205254e20a856caec94f66ca4d54bfda5a8c877f509ad0b2d304179134b41200a3057f7071860487ea980378294be9628104f405b6b1f23dbb7ff0029b595023bf95c28d2662c2576ec56a7e6171e907118c58c3942980e350d3d63810f8d9cdc52b86d310843e037078ef97e01e31c32e2f170f8bf0b8b2e29165c60087a85f71712e8cfaa9bfcff0008c40b62c0fb1fc99780d5950ad036b0647ea68bf72e4eea307f13245c93111326eea7ca2c536040d09576479fe033341b5afdc6053b440c1f67102d0aca89dca43df79212be514347e7a8dfb3af2f9a52498cd6c46370ada7698421725662f89b195315ff00281b17a2b443ea8105a5362918a84f502b1c6b357898b1e18b1701a699d5564234f53a11d54c1b838b84984b6f117d9e3e997c071a639373491fdc355880d677a6d29413e493f40c2d56754ffa133a7b8301e0712557032a47f4181ee14005adbb635fd5107bcf06630a1a8fc488d06e068f68fcbfb2838d213be58a93088b379456fc129e21f8ac5e162c782e7803e2210ff0e61097162c5e3a383e2f0b17318b8f014146aa5fa1b5fa9706b41bf6865986b9b47f05c1197dcb70894588874f870fb6200feac089e02951963126f7075eec3eb0c36c9039bb4edb2fc9a047ed946d756bd5c68ba2bd14b59475519771fd8a0ef3599b3a350af0fd27f043efbbe1bb8e4b1735e02d44475d6117ae5bc8f2aed95e0812225bdc0d2bde407b1e3ea7484c6f9092c269347818df0b131e1619904bde0e57e7801cc626a8562660ca6bb1586103605c226ec76d7a952a99518fb095dc95778958e595a79a80234aa941a96c8dc30669cebebe88c74e2b1f905b1e48b9da51341437c8cfe478b22e2e5c58c326a04ac5ed0712000873984786592e2ca70583081c9c92b97e44bc459771732f80785438c465e22e25c58bc2c5c183f58e63da9653f6c4ed649d7e3c4115448a99ff00665f6c7d2dbe9fcf98c5254ee56651d04478da1e4e2d4b577fcee2dd6a0cc03bd2bd92f8bdc634c4a3c1b5956e70518d23af5d03046a408da92f602f2632c1a90935ee1154b960ab2f5145a1dcb011d8d0a3d4131f485e832777e2a2da41b123294a34fe6a57ed8af345384eb3566c8c58b1e42b98c0ecb2a1a16399f8913ed95f89b21b944d12e4d161137712c84774c5856f613f888b31e7fde5421370cfacde0dfd032ecada5afd83069e897fd964bc0b15e26556ea24405688dbf71496fc4158f8e3b019982940c61d0beb44c23c72032e5c5870b0a893011a821084210e148c5cc61e032c3661030d4df06a3c5ffc1982be0f06f938be1712c8b162c5b602501d7f9c31f94a48362ddff7d7f112d4dac8f6b965f128c351fcf5fcbd44287eefed8ac081596536f883dd83b7ebc9d734c7cacbfb5daed60fd4a95e265e4b4149e03779313a3e9735d2693a188347e4c1d54d9b1a23e1597dcc668160678468b878a7906fe0723f579896d6d97ee0b688820a4c2b2dfa96782adffeb104bda33f9309f4b2c6b58770107e16b0c78fa2771a619740c1fdcac62c73568a2e0be5fa39668fcb181636378ec5f64ad4358a2fa8e020477ad7018ee88f888fb82c31284655afdc2740518cfdac69f3023fdaa302930227dc4dcf563f82258c62057d2164809960073187915bbbcf56275740adeb77c0df7a50e996f806f11227986221c6fdc1020c634f12a2edb527e324346f35fcf48e524ba5fc99841040cac8c96752e80262087c0e1622c6060707d0904d1676b896741b939d5a103476fd81e4141e0e4e6fe34f98adc72988ac58c09503e1a8c5e0304a0195d01e58ea58d7097f44c31ef6a4f1b52ed5f3b9b460ca169e172fe5e20a319d2b47858d1ce771ab28d4d2260d899cfe3ca26bfd33b657eeafb54bbe29d98e99a7a805c36b6c3bd9f4d4c242d90ab4dfd70cba5853c7ff0008b504ba1574709666b42731bd5cc706214896591133c08883d830558af207afde3154a2c0ddd1ea52a21caabdd38b60d07b2e74b682c1d39b8b7f6d952842ff00bab2bf70a74e0d9e2a2966235ee2837ff544cb363ea0cad4c663cf08b9542a7133658ffb9facc481d9db0120df62fea017e9ecb87cf07667f0c5b0da521fddc185af68ff00a8834b576c3b8b3d965ad31da3bc66552271bbf054ae35d7d4b45d76f598e3e18d4b0b02b6dc53b4cc5e2e2a03e44957736f8c0d1ea0e83f7b20cb82677132803303e4b971651078c9fa593f696109b8b9bfd4ce3128863790cb0904d1c6f46c198e80ca89aadfe3b85ee50dc2f3a59f943781421c2c1972e0cb3e189aea1e552a07073d448b1819e513fb441d72ead7fda18be38c0fd87f69589e7058bb4b553d0e54df3bc39fe62eddaaed5844598821ea765ca462fed2b66abaee5e8032ca20ae82bcef5aa411b5c44fb3b318dd107100007b58fb67ee6026ae563fece646d481dae23a21980f5173014aaba846632cee57d0dbc58d988005acaf3c1868bead620c507a2a685db2fd105c3efdd36c685a7c8688b72094e28992ca941ef3c316089552b4475378e38e894ea17b94ff0013996b4556d5ed7b60d66bf85251789dc7c14a2368cf5098bd3372f25b2f76ff00466ec5c1c98d909ec208e2173d4614ac22d0a82a1f9f2f4c47eb06c4c441627a62fc40d9529e63269af62c8ac3eb96f7e4724beba9f0ab5f925d9ea1860f5190cf1ca81cd07ea3b1505e5acdfcbe1e242d601c484b972f862f2789ccb358bbfef6e12b4cce8dd1897288242ac57db72a382ad38b1d607c0199580a5e8783b97aae9acd51736fb226d642bcaa5eef0e283062207b9db442f30bf64a6cc178160f186308bc54a843865f0b159775f45b32244f0b81312c3ee1082200f86cbe88b0ecefbcb24536b3d12b769e51253815d4670088e8b5f59dbd427e51ad6a03a3ce8414aefb5cf53ec7008ea00543e49d7e0ebdc049ba7cae82547943bafc6c383d13b89eda7f98fea0c0507e3896925994d21637629f51f131261f21e8ec1817d39216180bd162985df98b849b396ae9952f98da63d5041a1961d4851d42966b0efdaa5c2ac29b2b6ee53500aa645a489d305a29d45126c5811bf7b23c11d3378b81bdb05402d59b778f7e66bed61918ed8aabe59e7f11d6fe1b0456e814dee299deb50c356a838ed007e9880737155544785884164882fb96c568b8bcc6ea07a496782c98a12d2f96097d931e55b99e11ed620318801e9dcbea71787d4b8f7595f705a29839eb3d92bfa18323ad4757ea2b59848564bfd959fb63e35a0d52d204354bf1938bc8bf8dc58a43e135717fb72c862b512f33812c7ee0f15eb9cd62ad8f76026dc1e5d6aeacc24209e49eb0d31cc083a651871de242f2356f441b22e9a82958a8be6244080adca2d7112a2bea4e298372e6660456c7e07c18b162c00edf533fe88a940248cfac132fd4a994d3b9f5e22559394b58b8647518e5fea302a20ce2d45d52032d4b4f4011b3cc78cf1fc17c7eb718af3c8ae00fe818265adb527e91e7951a9414c05cb2e816b1c67fa343efb60aef94f921f75d27eb6a01cbcd10c0989395b51cc1418a75775eed042dccbca5a1ab5062c72b01360c9acd4be38817eb2b76d4b2eadc8a24c376856784956f089804556ac2962fd46c19283d15d74902574d6b706cd50f32d8263e3f9b118916c8b2c51931d83ebeff0091cb304df05e56d86cc30128dfc009dd44ad03310afbea505918ea1a546da7246a26889d33885519b96358304bae8c570d12b7d0e84a5f7ec3dbe25e07d1e2235c1028e149a638cfd4cd73b884bbff00e260d243162b5fa982e26e4b35348b94d7a8c31fb279f8d63e6b62c584702f9f4ee3f58adca1555b55f2b0c03f2585db30c8d988e96898dbc3b8a6a96660f9a5c42c6d8020a19f001dab7c129788b3e3fd3ea269c228a06c432f2ac3ca2cfdb0282cb63691d873440fa453a4655541dc09dd946486d866015b9870e3821038c70c51e06fb1df922b67a1ddb481e7102432adafc11c6655a5b0960128a21033078364b686b0f6ee660897f97ace770828b31727adaa1d9580d9ca9267e875020b351ba26bcd7bfd4215b69f31f7975880c5ab9d07d31fbff632b9deaf91e809eb17a6cfdcb1cb451f9c7ff104ca5a9bb750f28d275c49e16a643ab721806c3b08ef88d28590448bf08300b60fd86fd04422c81cae2f00f6cb5e1a8249f3dcbc5c5d683033ac4ae4309896dc711024aa5eca5f3e099d320eb123f2c2422b144d4398d778375f6e88ba1642ec71f410f1ec81222c198a2287f51555e537c20e65c210b15d5b4b4e8d31a227bf7293f625230e7501dabfd7b988047ee0e20c8d5c704a5fa85bbe03bbe885a97a21fa08ceb6d1ddbdb33aa5d13c51463b220f53f170d3327c08bde063e3925f93a7f24a23c905773b8853f170ba5412330ec93a412f0892f815caf21e34ac040f6a3a080b505fc9c2a3dbcc2eaa86213f5ee999305b34c9efcbd91e40aa83879f46d42090915f4c016d3db1123adda293ec63aad11bb17cb82395aaaedfcb411a9d010dd0dd56c83aea33a8b087ae2fa963c3c5ec7517282ea03a170441ed28138a703c59033f150a32e8dcb003b5744a33363609eb4b975b08947602823594bcfbcc040d1968b84282e5813b0896ed7532a3fa3f48863a2213134a32fc4cde6df2ea1e1a05117b7931a344537fd43d4d58601b341e7d1c031384f04ccedd7e0db11b3cee5c8acb1639a8f2ff004b75f64054d3728b9fa060285303e4c230344a14a507b4e1f9688035043d9bfe519bd97bbba6dc05a5e5ef51ef9084490798ff00dc5d8fbc043e73fc874fd312aa1707ca3047986285557640afcc57ba929a5814dc1ac90b6d73b6363034de02d0d52b7ea2d6e2abf2ac7516f82ab7ef577f2466969998d7d7148d8894dd837a152ba20bc0b07640aa0d2ca78c07bf801a633050f6caf40a2fc4b4bf539baaafe0b8f25d592e94e93ec57ec85967f32af0b8d9dad4ac71ce9349716cbddae507cbbc466cc7688954cc4ca04a2226902bb53ca45fe421602dc6a83dcda0d7d913aa81197671864570752a1078b8b18abb95ea2aaa347a07a59def51adf3e0e8ee25df8ee3356247b1d01e601c9f4311c919c3a704d46c3aed164f15af6825d3ece3f0585ed804e0cc8f86ae099bb55357a6f4ba1621d3c2865c873be07e8944b3bfd96d70086c8c4e013858e27465c5890b9bb4428330dc0cb1dc7a84a2571798bc910bdd2f1fbea1098645f1f1e6fdc28d2fccbea5b75e4f11c56840a260ae0d31415b1488f546e9254f80be64dc5b7eb8044aeb77e28332e4df6bc7932900338b60f6bdb2d74bfc5a0fee1b6fcf202002ab001b5809a13e51dbf70cbfe2083fce828a95742e1fa1fc203649a79e83f044005f679dfee96109440d40885bb1f88885d2fd0508eb24d511bef76c473171798a7d57b3f08ed7638624df449679446edfbe88886624bad296ac6382ce0b63285217c0bf862967e2019b03fcca34288b8cdb0e9a5b35c5c4be60810154e03b588abb1563c34070db9845df5021b250b98d6712e0ee32fe6426bbef343c5e43643fbc1a38f562485fa3fd40f8ea0c77a87f30f3c5710b70ac3a7cea166eaa3180de639e7dea018203309550a1e45a2364a2d2116781ccdcf710510a050c1f6698d4888f520ae2b85c3970fbe0dea4594e09c6f055b85740e818094ed321aa86f3d111aa8002f70c1a80a0dd291eed97c59f98840b722b15192cc28a71b683d32ff36eff00a090d302a0b6f6280fc590800ce5c1af31bb0ccae22b23776b575076cbbb97911c3703ce273d1361743c34f32c0d489b2eb42724ea3c45f101fc18a55058bde8cbcfa2592e370c4950204ae5631a0e44b2b01757a973c9f0d828ac349b9629ad52a7b5576b0e8a465b550486e29de8dce16af5be8206374f59cc47dbf6dfd1db2a738dd2faf46094c8daadac3bae864d5fb7825d2d0681800e8f04d66627d0395e88af10038aa6ead3e0c7b85b74c2985fba9932494f0ede8419d1956564bef2acb5cb4b16a5c01a8c3abd17e80ff52cfe49683e979ff20108b2965f6d369dfb7e96af90dc09641b32446e5ff153d030b43c1c3dc65c5c9a44d0e1cdee1d183a08ab84557ac157f641968f17b8b2575442baa12194f283c24f0e0b0c7f948c592a12c0a0d04325807270330e65ca8068fc3cc865ecf8e0e755b6cfd19573e96ee9537f30ed6c223465068b510becae2dbdb1dc6bcd6225cba246c978af712912f7899b5be09ff16839fe2161b145ed926d2d61a8988625d11345901b000f2f07d7251b8129b8611f746c867e4a4204d3eff04a8047bf280e160a1cd2148ac1b252d9a4489143bb78dc22aee1830aa7b03a61c963b3bd8c9961295c2a8c25deddb4b1fa1da04853af68167fec224a7b1d2f69df396d9439e5dc0fbc9d76406eb9bd78bf177212ca08f29e4bb469268f5e9a0581f0cb83163c7b43623bd698f098108e4cfa8e11e77c07a812b12a2448310d91d70dae971f4eb07b39a0008fdf518d67632bd7a265462a0618ab87f7300142c96542ba22d57ecca331b28a1f46e1e2df6f5f47532802d96e4698ecbf8826536efccf5e3c9dff0057bc378d1e43401a02252d7f28c85bf3296116c23183636c2b60fd93c54f2d0007a234156515d3920a537b865a80dc9340cb2c135a1f27f0dd4b0a7f17712b4190d764027810d4a59a63aaa4cf97b8f41b1125a9fd0d351348855eb733e7694e1965429363e10b5c51fd4c3abbebb657ab37ac8ab3fd0c6a8b88e3eb7a9418fcba20dd84326f505a6c9d6a4373cca22900f12a694f98c83d702d88040c13d2f8888d253cdd7b263ee592ec1df98deef8a87ea682ccac9bea0cc8b77028f496f8fa9874c6bccb7d45a983ab20ef1a814f0710d125fb1bdf797fa82978bdc374bd1c40a1333ff0c03c0e0c21e6600c43578403c4dcdb1d88b22ed02eb70b2afb980420aec5945a155455abecc9019c9e0751da6c1c6a18065eb4d1c8f87d45a21dcaa5feaa5f885d55b614dc7c0fdad84f2f2bae99e21b63c4a6565b5767fce703047b3f0a7c9f925762d69a6bfe13215e1e3ebed782b5238b70a82bcac050cea0b7f1d213c28aafdf38062716023e4628203eb80329344cf2329a76895e52e4ce10e0a98e2a2418865d14ff00c09b1e98651a52aed7dba1d334fa6d0a6316a0400cb1e89d62ab4c6eda00894524bb6ac76f1582d9e59dbfe328d9772919eaf0efbbcbf892ba03417404fcd9619154f135431233f94d7838104666ded968f6d87f2f4f244c9b2725d57aa8713181766d7d58b597fb87d84da9acaa3dc04aa15b15aa0a4d44ad0171da0d5c0cd7712996c3de22c052c586447cdc67501c59559f8769822850d83dc84865f6fa9ec9569a81a5e88618369ee757858ae88aaaf07304011f398aea0d933e6561e0ad7e62b88160faaea14551c900ef71a0d90811143da20d818cc52cb59a8d4f4a48a0f88f0bc0ed0f15d5478541625e9f0de2ff00ee6660e65b0f799e8a376306a13b75d6b06482788c0232fb712e802cb5831f6588b7dc4f17a1e86086e1ec4b82c2aff1165a7adf98e9177728da3c9b56f6abdc48a18152506c3e97a968dc80fd2e090736bb6e657a1733622ba8aa89b54770e0b98380afda344df9fd7f890f1294eb6ba4c99ee2e23d887ed966880c1e0a68863258021e47af8c058de01d0b3b8158a6b182060d196022bd17dea8b70d160b97a63785b1c14d37159870bccd41845f09070a1775aa3b7e8d9702e8cb680f633a287c52b17b6a003061d78ed8133d122f793c1ee3106dc7fb976c0ba25ad6526175e7eb2174df5de55da72bdb1066bffd5b0344a3f286838f680c71de68975fa8f2c194ee93d0612d3a4f5b832799b61a2bda0c4206667047b8a070919c0b67fab4320b17d89a0b77d3d444b703a76fe230e5655aee75841649abba5d3bd0ba238c76747a3d11edc2a6ad3c328331b32b00b21134d6ea6e861310f52921def939802b373ab9d5c4fea5c0cbc20d8f245ea57f8500b8d1b61c28476561b11efd40338afad1fe88dc12ad9e0e9632e5cbc7985027bb98602db50bb20f9ee7478fee229da7b41851a10da120a0fe62562980348360ee2480f452846ea5385ee2c5471994704f5c4c9b8aea0a8381fe6593111aba7c620276d3113b20eff3afc0c5fb25d362007f779fb9eb13c37b6c953441c6aa7afc087bc305b3735f557b2e1a592fd7f2d9b012458018ade29ba96a0f32cace239af6db7fbdff006c36550747ea609d1af1046083606fc44180854973ff0075f8622a2bcc7c6185e6c27887a951821c157c5cdb82c781d9087da41c8e8fe885d067c9a84bd57dd40d2aa7df72be43d37e91e151031a011a5ca4dad196269ff49db2a0fedf6b6bbe0a9069e08230fe7862051f010ea38a2c4549e1700654bc88af05e9fc5c4c04db95effb5620be8a8843d76c22c14368a7f4cee9b724b2dd86624b3952741a1b22948d416d2a25c19cb9610afb51f52ebc5b598cbc58dca1ca46b956d29a6cb195fe42dc699da6a72d5cadab6abe6e5de1202778f7d44569f8789849d30f5686765418a78fad638370d9a94e6f53b9b6bea633dfb612e18e9864ed6f44c5abc1f2ec80e022dc54ea3b5d4372c5488ffdf2552cabaf11046910fbb8c2e49dcd1f72a54aab1973a8088dcdd7b6b71fc936e0feb831861d0ff31d0558be8c4a23129e4d4de368ca8d12f2a2f5b3e8769699f64f76acb213f3e8e24236308d8b03235174f895f1fb3eecfe20d49af46c74fd90c00483cd0602f9a820c01bac7894f7053f90d0c516cb2297eea69564a96810ed64c9b9054f33736422e94d87961014557d6ff6710799570f47a9794dca4a1a96a0eec8555352fe377b95969beecff6115241e130c5430213f3066ffe158a700000228b11d8cb92a1e3bd1f5b8384228888551c9e2fbba258728a1654c0148f83b7c0224eac34f3e860ea487ed62799ff00abee6ca9faff00b97afc6fa746e1313b476cd1807eb5c15408ec8ed4ab63737bdc0466d5b3d91ac8990f5075f4132294ec88dc15b69efb4650bcd1b4748345db801f600f8402af41f98cb6eee2839b5cfebcc419bd67d43fecceabfd9171eb8740c7d502c09ec894d8616aa7bb28963880e8e88594f1bea15be08b6af9e3785c7d71ec4aed11b5c6e22c13ee0d2f4b41a3398ddd501a2b44431843a4bd3d67550a62d31ad462142b6fa82b94417690acb6c8ea89403b98a7cc2a037c071ee1a8a0e6f3ebcc6bb808d8f5995a2fa2040c34eca81b7159f82e4ebffb82f0204552b3a1b3355f46d8cb28555ad55981752d252bd442a3921ec2fd8401a030e8344dae60c11eabc8deae8da4cc506a05f552880e00501407809876a2c3ea58aed5fdf014f4415e13232a501a9d6bf8230a59a9623a875de4c31acdee055a92a56830bb2bfd21ab3730241004095c1cba979f9318c1317e45ec3f6144a866e96c718d33f28daa54b5787f2b00dab14ad08f59fd5339994f72aa8e95719c5204fc41622cc847588d13dcb978986620a9827910e019618ca875de9be104fe098830c6172a1c65dfe48e45a0e4bab1f2faf04698e89aa5a9a7839c1102e1f6057199a1d3e616ee1eb0e208cff3c41e56310517e98553d93e9671a1fb6b949a3641a9969106f5018b61837dc2b502f41e6a266381b60d085d323ff9854d533318e443f9f3186c6e05df845462e86e316bdf55995e73d1a8019a81f92112d82212bf8dc4cc2eb1370308444bbb63f0897ad4a52328a95bbbc12f8b543aa221b1f509b92a725fe040321fe8763071c1b2510d5b3c91fddc373002676defd4a725751df2240b53f8d90e8cb557f9dc664c55e7ab8ff2d43fccac67e23423cfe18643d45ddf503e114e4ea5f1e5c07f54c1c78842545a9c658b5343a65345c3cccb878048d3097e93d24107026263c1c0eb8be73c631c3718913d40a8848b7d1bd7fef1b64c5ac2a0e9180a804a5a5383c1ebedee257886ccf15cae87e827ff00015128880c7423d1ec82bf389899a8b64abb24f39966dc1b10e3c00f7eb6159f7f50f64c6023f8a98983757fa8f5c98347935a81b7f4ee0b496d8cfd42ccb4edf55336f3688128b1fcc6d6a5508cf8bb65540957ca4384062d98bf57c8cc15507266b1338753065ea53232a1501883ab1aa1eb7f9ecc444a2fa3a81620b8226117e1e08a00369f50ec5079de223a2b9de2262df0fbc4f3967418fed94c72c4a6486a76453172d6ca62ed6ea7f810d93fbc4f4cd108dbcac5b060823f536af6104e67cd915486331cad930265a768279651cedd8363bbe1b4510473b2e3b79054dbbdbb66cdd47aad7ec8acc26c8e3a0c62191ccdcf3c899bfb51a4fc8a4294ddc7e5fe51094bb770bd7114d0a56225751576452f32020028da307611eb34628be89e38071c7e381ae7be0b3e3def8ae3611ac8ba7c8343bedf24ad6b05babdbdbd788162804f643369806747ead0d32350611ea5ebf481791464717b59bcd20898c49dc8ff00210e9ad48b8fefaa80bbe280fb48ac837c062fab0f7ab3ea02facf98ea9d2ccb92662b8725ec95a70f1307425bc2b9d931e48945c63640c5cc3de40a412f17dd73b10df86265d27dea56c5516c0cba25c2965455314769b990195fb9980d5fea53b0c7ea74de420d4ad896e35137326e102a065df5644deea06b1632b1a1a5dc6c1a85a0c762f264860663311b51baea188fc41b67d4a867b9dcd9e66d0d0fdca143ed0d9e216bfa8e2f300f726b60857816c270eb1d4a78da3fe33f6a7fa3c060e437b69b199d2b5f0bdc937eb040ba0ffaf9d447d5c662f1618e9324797629427d92a6c9bd559ff72655b043e6a585ba7529ad8822a6129841ea81e4c1966da8f6ecfb3643b439fb514125c7483c5fc1d4c70c4e1e0264f1bf0dbef322bb6220f260f718ee19a8adc9aa788997a8d0de25632fad3bca9847b8e50d31bc7822c54ecf4a7d8a418ecb0505a0b1d32e22b91de98a9e7709656d171d825bd4adc460fdafdc02b6af2c5637b889538dc144a1a62d981b32812bae251bf313552e7e079370bf89a96c10251c84c4064afb96e85f86bcbe0993da5aa27fea5eb01319ad54e9b4d60ba8682f574666f17acd523b574c5d115806ee65237aaa84e91f37a5e88cd62bcfb5f5c0d1784814abd6e5a76c12eea62aa5b5c1533728b0041b3ad85ea18da340651f8c16a0b11c5797f530ed41f239e4be3ecf31a76719bd479a9c41b4a156783de6556bad66e1a6624dd8ec9ce60f444efead802cdefe9dc7484067d8ff00062cf1bca25d0e1f854f07cfadd7ee19ae08bf51c376ac9556ad01b0679515ccc58b6367f225212fa766fe91820cb3c11642d2f8b83071c2f2b1be0a52c617b1bf93c232e590b556d5625452f3246c10c368ca79f298a64a6e6226465509417773b706c728d30078041c0a2044845261c3f4e18a6ff5f52eee38f45962eaf2573424190ec6a2dbf057852ea76141ebb94015aea76ccbfb412782316bb94a4c1999698e9983d9305e3fb4ff0044a89e5e7781f883b99693b86f2ff528c253a82253594775d3c12b19a759ea307b2500fe7221caba8d8d58cdd33355a5dddc7bced439499e8076563c8029c51c0dcb9c6661302e9cc6b6c219594d4a6b09b3ef3a474bf43db091b438d752a4dde881d3114321a2305b5a88223d90321bce1d26e8f44ee751171e2b0ca818b9739bf8fa25ac041dad1d9285e6101a9e7c9cdf8a470f83be46dc4c65475d2c1fdc34781a5f5356f2c1665131f714afea540ca2b94c10e3d3a2c5e45db1a4322304e8c1e53d0f5c1f9820cf00db950c0f9832e5cb972e5f051f7d0ca8b86f356ec28438e29b46d2940337ede2182a593aaf802ce27283f64a471b6235b8187d9368712c808523348a098bf1b37e781d4ccd2f6c31175a6bf266e0be014a5f0c7ba9667180b810f208c096b63f48cbccc5a317e471b99d18e768552f44c9aee0a5e7d1e67df8831677dadb6d990cb35df8969ac8d0936af79ede2343ecabc0b33f2e86580d4e92aef446e63eb106ba1b6d2394778a6b30ed6310236cf2546ea164ddea0144bb2475f6a0a12a8afc69e88728b0d4d20c467128ab8fb972c55a3c70163112a03465173532a8585495c80f7016a5a00f2cbe60994d8d01f36c5fbb5f929a87404ca104fadfe79302104c3828fdfc0b17adfe9feb1ddd568fa22068655d906644eac12b60b2364eae3b3f9aff0064b9326269f67df6434a02fd0657ccdb8f0c7773cee05771704d32e152e5c5857f27a26901f9fa8cd36aabf7098b1aa8cd082bc328a88ed0ae082351885a3d6ca02608619fa9fe9c0a994b46c622bb2307811a23551ee184ccfac5184d7c81e4890cf14eaf50eecb6c6eb8a54a1bb841cc5bd8bccdddc42167926754380ada744b557b654dbf8086a3a71b750465f47a3ca3a0ed9621bd679b7e9a131fae28677dd79988818c91cfa7a0a813614d467d8ea22a5ccb87618a498432d3a99558f4788d28186d82b0b8db104da31d1859fc53fb8f85f07a98f100ee54fb500311a2c7a1e2e2b1fa9b9281084d9c401942668267bc92b331f2751530ade5068d9fc4cd21045f2aa959da4aabf580af760d9b41e8f328d1742db33732ba0fddc6b0e6102f00421ba8c7f0cfc13be057a16fe18805830307d488ed14da8f9b9131e007c0c9039c613e1ff865de5647bb7f5ebee5a7590dba86b11e8c20140773db1ddc7c0610576328a7e5f300ba0cfadb06d43f3c418c20063b608a04d5335298f31a23c779de55f170833043fa60896b0cb2b7321e85852f1a2a3159229c5a60adfd07ea5355b0ab944760c0b1460830eb4a47ee2b062e21f59861031c2ceb28650196bf6abd01958934aef8ccba00a09457cbf0114086ad4663a12c0e17201d9b7d26e861364a6060632865700035af71348bf4b866df7f4b819a578d4b8ac4b29858aacb477ee67bd5863e06a0e03aef2d570371e3f5332152bb42ef598555c17b83b7a62b5b5115a793376066f34820789d9dcfa2ee0b11d09d31660a2d6186275d7e617361d434c432b6f0312dde84a1a97adaa620306356c1e888d0a64f2bb80a148ccb5b1c7b82f97b0f644697e096870adc30801377fe4404691b20b9b47a7a08cdb4d170e3fd9049226bb69962444eb384f026b25fe186d704c7734e627b8e82b463a9bd8d8e923ef2c25e0fdfd23ac0215ac9851a9df98b6ca6c30fdc68da3f70eea2a800dbea380699f3ef8b3fac0c40a2160fd6481789de5368cbe2a419662254a9518e5e6b13c8e1803308d061fd1125e5bb10a23c830acf15c3be16561b3e1cb53220e30aef18331909fa35e73e846ea3feeff72df43e2a5d620de8436b21ebecd23e25df6a5acef04354d57492fecbfd18c140d6260ddbc2b0d181eea38101b85958fe23565995aaf38999400b8812288337001e66dc66425f8432d402aa55543a036a313eb03e7d1f5037daa6f3f929c299c37d4acb371d330de49a66424a74e77fa860426703a81fedc9ee8ceeedfd862e567eaff9518419f8e04fb4a8bc855fc2230a68bef223352b660944ff003a77a0a5efa12e6a264ffb5438852288b1254495288ed90cd111a25950c7dc40621dc1c2f4eed0f034cce5cedfc9f3e0c0bdaafaf4202a622167a0d97d04b9803d4fb474ba5977541d1e21af6194c0fb352dd0546fb970cc61bbfdcf3a710e114991705d40c5ca1bca416f11c0c2416312a7b85b5063c69ae5eff6402dd6ae64af29fb96fb4d45ce2547a32a2750940945335f762653c2053d51f37adf0370bba36ca90c9a816f7640087bc3697bceb2fd180be3cd37dc502f7958fe8654f20183d9191796b5010b2f64d26bc620dcc8444eaa0591fcc5240b619d53f406a56fc935f696c1f319411954bb6e2dceb83b79d58e6f3c12967bb9b6a7df77291764682da304e89b70a97c0a87ea1ca8e12e2994d4569e00ef51887f20c4a7b42e66e81fb61b132c01e531072330a086e9c83f10958a97821065971dff00957003b1874fd82313cb00542b5db138a952895126919d46f446dd13493a163a2cc381763a57f9804063eb0d5ac8bbec8c7a18aeeeeac2bda8bc4a8e851e4c9f56ca862a955a3888b395a0f2c44d90455a1601f4b6fdd917c04167de2900586a6a6bf65b3340c3912c8c92a50d2a4072534309b135725fea78d0117f73d4853f31b9f707de4140e1add019625380efdcc078fe2d20250b4180a69eda947f5f0da158e8852ca579719faeef18240623504727901f6b3a392da41cc64c289d641ee068e7252c1ad7e731a03f8f654c6a221880225af306d7b3239ea58e547ed730610c374c09e2530599880a40e1d463466efc4d2a4ea10b87a82481cc77f8c314310c0c100891d2db369f98e1ed9002d59b3c6c95078261bbf816501d74d282aa07f2a0b97763f08ae3ea80aadca778e647e20094922b71ff003d98e723e997f32a75f1a951848c2a09a9e145cb6d7369548f262e64982623e1e7500430ee085500cbf441660883cf9fca5c802741fb85ff00cce33a7075c153ea8ef818bc080a80dc081c31a8904fe1bfc350dddfda5e7324b83c8e20a6786ab44ffaed9044b9dc0ca05609ec1f13ebba39c3fa2a6ccc94ce66d51bfb6fc1bc1773ff00823b978d33b2bf5d0607781809643eb08b49a25215b69518469046f07889a33770be36b051678707896696095f503459334bacf89906d2ec349ee0aaf6a66b83293dc4bfb12d3c267708b1462a2c06866faf760ab7910353f14d5ea2959b3e8e01b9ba43091d45c0de48afe510036cac553b7cc23e0cf8d9fa27db229a96945f6b1ab71f731311f2c702e58b3ffe05eaf4ccf35f0ae6a54a891254780d610b88a0aff7fce2aacbb40d0bdca52c660740ad9d78fe62d7087ff52490cce97e89b6f98c4c5c73061b8c0dcac4b67c589c123d6f4d1f47e484e58764629a1a518ae6afafaf0c6d85f99537fc11c229b5820b073dff00c250bcd1577fad0ad797e83ff582be00de06ca77e83b76bc4a839fdc18628d507278ee5c8362f51262cc8bddf4d440324bfea5c0d9f6f99ad928c1ea035988abbd44c9d4ab61874c6b2fab2ed2ba173377118cb97b84491becd411eee01171a52f111cde4079bd00918fa66e30370ab78462a1158fa97a41dced289411668e1940db3736f515555b5e08df6c184a5c4b84bc69719de6c2667ffc4083a1f133cd70919444822444c7626abf3632e81d90c40a1a87e0f85d9dcdb0b5ff00531e6341693dcb21b8765a5afc5940720cabe0e56871acf9a291f44587e691229a66a918c6d1c181e1f025f55a6e7abee1970ecffb40d65b615d8df9c094b7953d59d4530464c1984c43febcc5ff00f13bb459f86600aa8234c5ac9d14c7ada861162d0aa92cc20d3c1ca84720ba18dd788582ead17f5083a22157fd4a5ba3d8f73b6d22dfa750a0ef0f5025903cc2b01f73d846535174535d366ab501c7dee6d1e0dc76dd9514b9e3a977503712ee233345d90921bc3fdc0fef85c1ecc19737e021915c04638c08e17e0f073f81cb711ee1982160221bccc3ed8bff00c4be0e139ae1e5254a89989c0a48342f8d3e614358b5819ef4fb426c4a75fe28244953746e47a44533196f52f06920463b8847a814c2684aaf6c8a6ff36266087aceaa0c78395c103e985c54140d791a38597578fd49ca951c1c47599c3bea9fde446ad911ee57e1720a6aaf036f4ccd9a2fa58b316906f05e562725032bf2ff004ca514f1d0e324a79303f2ccd62bb7aad42180f9cf7dee136ef47d764402012eabdc4f75dc0838d455f7ddcb0e61cad90d380a173b0efc4c5631e350e88ff285dcc92d89552e6ee9c39fb88c56b552db94163f5fd9e657df6348ff00b1e98418cc4b0bb23b78216f7441bbff0073c85a10347882130fa3114292bee2592a3c3ea2aeee3be0ff00fadf8211208c61d4a380a289f5dcf4c40085a28f0b090c794800d88c6e9ff454831c348c01bc42d3737918a11c5e89711d2cd26105546511e523120e01e44d2804fe2259608942a676a62ac6218ced2a74e54b0308452f6f65f8b628fbec9f4656bbc90bb8419650a1f4928c840ab46bee1abe7ba7e530e9ac26bdf6c185f3c96d3ac22515250ba9f64c5a45f5df8bd8283ff0b0b7722eb1978ad4ac654207cac720b6c57442cfb66ec7943f921809e21d2537b86a595e18f75900feb4724f114675fcc646bc59f6476d0377b3ef48e0f3cedbad648308c3c339845dacb533a475ebe141f71dcaca21f157c45c665ec97b156ec897987032f89fff0001317c1f178b95125662448c7d2058119c5117a19c4a977dbb2375699b108810c5128dda91d10586cdca18f04c956c619269fdc78f93138489c18298222a14a534a82302a58c11d0edb202113de92fe48143e2bb6d4dad11fe509921403ab35702b5c1b0f3dc796159765d6c816f012abc646fb15dc2e29d81116587b96702bba11e4d10e4726cd25de7c7f096c2d4d2c8e8228ea1b7385252959614556ea3db784b044459a1a6aa9639826c0bda7d1176831f0f0d17866026b32e366936e07bebca231eb134bf9ad220cc419d62df6fe09046efb639f3adb1ee115cf3aa1ee2d3e182266e507d2e3998acd4a82b434947a3dc78209b1e31299dd8132bd6da852e00376fb8e65df32bc3144211d2f40421384b0b4961d3daae0ef97fcd533f00ff001244e2a24a811e2b08b63215fbc474a4ba83546f85df7dcd9065058ad928c621bc19a4df170f2c796318cda8115ec65b0da8bf99b082909db5623b5973c08b86700a0c59ff0048ed7c354aedfbc0cd59b4881638dfd93b86cdf11ac1ac807e60d555a5d004ad4182742b34f17108f31ce4ada687c441586b62ccad14d41c92badbf0c4be800c5a20b2834c19022a215459bc453a152ad5799812876ee36282a0ac9bf2ff00c4758a9486addd1b2af5296a223562c58f7f257585e62dacb5ee06825a28946fad3baeabcc551df6bf9b3dca447859da56af3303ad9fca49e92f7fed15861fbef02bd8c61f42aa5e8ad57d43a0e895b5158a58026002b7a4648d435f373f87b8d81c2e8340f4babf150667a41e0854c4a19f7100a9ab878ecd42b623599b46e3006390064e5bbff6463bff00f11332b978279e18cbf8d478088a9e0424a8c133c6ef8e50aeda7528d0c903f50650208b33ae31f27dc75070a09b12fea67fbc0e6a0ea651e961bc0ca787432a41e3e2203dab3b4c5e749041d229aac8afdcbc9f52e02d5007788c45ae8b7e0aa802da580cf18b6a28ad2ec553d2932a8c9251ff006c4149864a2e4f72c277b1b64513c0ee0ca822d80840cd226d645a2b46b509102373b3c1b675199664747b5efd4b0a3a181b1ddfb226410752c198af92afa65af3e6517b838312c48b69645676a27e214044192b2d5750d07d305d4021320ec3f1281e181823ed80d79fff006e4b9b97b13fbac15a4f9fed965efedffb425957f51af2b5e47fb4660c0691ff002ca57b52af8cde4bb3319322284d4ebc88d79bbdbf962d46f20cb91ab868f83b8b5ab4b84d1fbb96d216a50d59feee62b848ff0094807c089cbc3f0bf83b810822b6e2fd4b5a255b148a04213cd21b149e21a1f642f2c1fa265198c506b8be0b178b2352d8cb424dff00f794895b8c47e070970e98fc08291b63768b1594f99b44d4363338a15f7ebc45eb241baabac7e1e5828c1bcd2acd9b623722e79896e3ad4c8c286054a50c006daa509f362b158f10b41d392a50f1dfd7729c1ac8a52ee5c35af4082c974d87f53164b671c95948902c50b026db25748243e32b5d3bcfc9ff00187305c2236f0badf89b74ac8faa3cde61d1655ee5994d4fb1810e4bc6cb3bea39ea32202349f80e0dcda0c6c226a3f7d41c1db734cd5cc3ad067de20b36843b674475a9da8e558e398a952a1ff313a99be0f8b1e1e4854ac478194435286a3e9913517b6c7f6e19a77c7f684a6fc64a97312752acbb27f70d3868617e9ffdc1bf5e9119dbd5324092c5d0970b81c1c3b4597f05e173c1c56ac9f60704a778edfb8e5f318163f0d4293b03f72e55ad3f141e097ee05a8eb11c0dbf7d8f9956014a55f5ddec996c979d9e53c12b4a12382b7a2652176a962f2e2f51d4d76015e85b0a3a3b891b4ab8f2d0292dac86d62a53b50d84ea8723820007606984c157e7641340372584d59ba8785ef5455e4d7c95431fb7c077328acf7896818eff00d405ab9d4add4ba588d8fe458704095f0358cd781c8951c34ef0ad4a0980a17a1824cec4afcc169b82c6b2c690a532fd1010162883b4612ec2597190db2a57177f9a4ae7a8c79ae5e08427518f1704553509a2fc1ff696f96ed019616de843f50c7f150892fd09fda1047bd5693f844583ed03feafdc484c7848fd8acbc7b2eff65a551e7794fec94b71d8ff006c9f3fef64ac2c24d2364d60cb972d83165c62c598aaff00d8c51a17301be28fe29601a20590d3f83310dd3f3dfa196fcf1c7b042e28a1c29760fdc34bd1b7cdf97ee3f2ba2366f5d11396cc86d365bb829f158058f6d96ed8e59054aa4016d3c4012cad0036de07d4a54e1290b52659b21bbb8c9d0809892c213a51b1e92bbaa18b2d5b23615ded81bbfcfc9a5333a99b864c4717291355e23e6095bc0b4ba4ebc905df688cf7f72c57aa8588afd9db9c812a5448918c4341375a22e355dd9dc5d50abda312cd86996e902bac11742589320f084edd45e6cf5c05ac1b952b84ca3fe5275cdf0dcb3863c24a87c19dcb832e2e2190e9b99cb84e872419fdaafd91d545e5a097e9411fc4ab79f0dfe84bc681087b67aa7fb95f41d7f29290709bd5f1f714af00507c54ee382643a451804c7074888c2a2c59cc83fbbff50768638576d1717f985dd2fe899753350d73230d879feffa8b07d0aaabfd112109b8bcebcc65ab3aec5e89d21b536fbf75d41a2aad00d837aee556913c0d9adeee3aa6a5ba6f161b657529e500eb4fe2a30225bb6042af52b856c5dc0c7da2e4198411af07d77306a2a85b62ebc4a8b69a7687a216b22296ef29f275f7f1e6cd13145703c5543c995df934b45df80cab037df58983572690b2fdfee618e010f8b0c5c00c231bac01fc0972d256ec2b372f9db0c03a36fea087de25760c6006c5b323de172fa2509b85dc26e3dc7c24a9849aff00237cbf07e17c313837c77163cdc108eb12e3a84086e12e5cb443b8c04bd10fe60285f775fba435bcaf13fa8fc4013f9363408ffa8125a35de0bf9a456809ef7ecb4c28e6da17f123da1ffaf784c5f77f5c0a457b06e30953110caefb9c2e5a7b8cb503bfe63ccdf003d6d98b219f007081d2ff00e7fa662593fb17e082541c9e8fbc4782c8dd89d03c2c74ddf98d31ea14c4179130b09fd5c67ac91bed40cbf3132752957074e772cf2d86610d9b3cdb72e46285d8ecde633f0bf7f4101432cd8cab14f7d4077e4788f995cbdeab6d603a239582064233e4fe54d10614e2da65e5b834213473d6d1f499a5e07f51dcf212b0bfe8b60d7329b6f398a6909d462f061b8599d4d27693e0c966d9c7900512ba7778971f18d4401b10413ab94c86f6c71956509e698b5cc21f11817118c2882eff00e421f0f118f171e08f0f2b18b162cf1b1195715618d43e57c2dc978334c0df0a10fe65f5e5f1ff0012693eb48a3fee5e91340ba8fd4b9a13f8c618179fe4dc8fb8f1d456ea5c879d8415854322c12dbf5b57124b52fce610d41439d71f7e6fd30a9000c63b3d44227144cc4caaba51bb8ca51746e18cdc607269907466625c201d1afd89b0623f6f6851a83de21341f4de0dee6dea8865b17186b73292a966af972ea22b6ac812f9bdd3d92f9ca52147b3fbc62540da5ad90e87c4aeb0a27a6aaafe5fca89a414202dd11c31ac712e1db1cb843afe9626fce9f611e095b89a0dd350cf7599f28e24385970c9952290ccf8737f290200b02d98804c18364066bc400ab30c1419558cadc6360c50957b970637988305dc7983047e47c46103dc4e58ca8f1dfc1e58b2d8c5b1aca8af504466a5fc1e162cbe169729f2297716bb4ad1fe3fb021edabd81feeb05dd554cf772f108666039d439d92b3d6fe4c7f28ade805942d34b7647435e084ba2003c96f29d4be2e4b16ea62975fee2d77033e128bd39233cd4b858e4d5477551b8837933e8f0ca28cb4f6a4aed3a990e006fcdd8195901290a7d5e0179962d103264557fba94b2b213066f43e18e08ab90503f1af90b18b82108b11e3e05468d7da62d822c68cfa829fdcbe3ccaa006aca7df1125c58b2a25a90d12045834cfee1ae56ca44cc00be42369b8d949da165c9a63576bf048c5071730430324bdf703fc4188197863c5c53848fc18f37c088ecca5a32e611f02e17858b162f2b972e5c7905e3291c71c47007dd1fe381b96b86f88ccdf953e7e907b516c224d45a94002b05f89669703950d5df633be6701e3640a637d9b06ed17118da9c8529cd8f5339707034b1499000cf01d50f99be4ec2c1708470be017c1762fb0db0c49aa22334777d918a7162130183daf1309c155e201ad7c8dc15c444ee6e5aa5a58d882355df90c059a03be87b829f48f722b1988ff002bb12e0c18b021961c240ea4a7c4fef9b28864e975fa95455e201d3cc5a2836dc74a5bcac29dc5d3714964b8eea040be2a86a2d987e1fe488c4451892a23f04f831ae2e282465998de2526657031b8f038f896678b972e2f0b0948bf1a95127d7d9ff947708e510d22778ede5aeb1c33dd4a7bc46411faee282d028a5adbbf68c1b00179a0376a369158548be5404af2b8f537a2ab0ef63064daa04ce4dfdcd6d5b48aaabdf58dc3b5c98755fe9594315b463ab75a7dc6d03281670bc3aa96d64a050cabbbedee260e36984d5d7d623f955bbdad35f23625e78b2b82ad663ed345f108d32cc8eb1c9c2208df48197a9383a831ecb0a452509a9dcc6d0e44ca4f79545163058fcc168fb81b5a8a7a2435181989c0a1ea4b14c129d71584ac160c60b049e48883d7f89d30650c31c52a225928e2a2571718cb8909ec97c08cd43f8b506b8197c7518d70b2e5f2b98c5e65f0318e592f284d53207c8312f86625d10671d1f0a2fd0fde1e181ec134fa635cb5161c28bda22052322eabf72a89ad2e0bf194b3d502530f3972f50448a1560d6fdd31e86bce8a203add316c4d4b0bce90b2385be4ff00c9253d4815669beba4f53018012b4c9bf152ad88482326d14671b6858d0c8d7c85c241ee6152f314c6625332718543e0595335079e7611e2623108fca3c67850630ce60432d42f3005c1985c5bc1fa9916ff002e40a9868f2b2c87b8451ca5c13305f102eed008f28a44ac44a95126691c918a6b80116540e2d08bd211a8adaff8b0082cf1163808896cb5c1412cb731589764be14582b89586e0300c1065623f03c76433c26e3bf8170d45c4b6e33423a9e25625c42b8a2cc293ec4c552d52f955633b82cbc91cd7d411794510ad034b17dcffed47ff6a2bc61db6fee40741ff5549dff00645be82ef37ca14be9bb1ab425c6387a6ab75dfb449dfc32ad9c7259bbaded7b42484da271aa8005a3809d562c8b2a9a89e3f29ade1cde39ea13086b9dc6ee2874c15756e9617a20543bacff00ed47ff006a3ffb51ff00da8ffed448bfb237aff644ff00ea454955274afa0e3c7b9db35632bbfd0825de889999140c2fbd826b07118532a361dabcca5010a95153f871182f135d41eba2e15b5aa22c4dbee68bfe98f51ab3f5317797882b8ee7514db07e1d47332ba9c618694ab63fe1ffc4003b1100020102040404040405030501010000010200031104102131051220413251617113223081425291b106233340a1146272154382c1d12492ffda0008010201013f0096c8e425e2b9116a8ef0a2346a4c25be88c843f44b010b6416012d2d90cd4ea227cf8431c598f50fa873d3a0c1d01c88b5a591a3513da104647eb9612e6004c0b00fa22605b9a9b2fa4c42daa1e961ac107d43d47ac1222d53032346a1a5c46047d42616849302c03ea09c39ece04e214ed54f4b8832bfd33f40f51972250a9d8caea01bf40c8f416139e6a605961f4075e19f96a09c4179915bd3a5b6c87d6b4390cc983a2f9d2f1095ccbe432390c99a0b98147d31d686cc27f5309ed1c598f49dcc5da0fa87e8087aa9e86546be63a4c3bc51fd983300fcd4d97d2621796a1e968b07d4bf488721d07203a47499de2ff6980a96a827104b3dfa5c41bfd3199cc410f4df2b647a04391c8c1b98bf5add5876b3898d5e6a4add276c841d260e83d67a40e9b660c32f9b4ef17ea0ccf4a1b1117e7c27b471663d2778a721d060fa67a00ea30b5a2b6b1298611d083d0db4ef17e8aa331d04aaeb4ced7329565a84dc8503d0c5c3022e2aff0088eac86cd911d2270f6ba159894e5a87339345ea307d01d27aef19e6f156517b3095d015061caf0ed0ef17ac4a144b924f84465016c0584c7ae814683bc6e6d2da0129e36ad25f147e34e458a0987c623e84cbf5602a5aa09c469d9ef99c9869d660ccc1f44f51319a6f02e4bbc06f461df331b78bd622a854503b0866229338f7331e2950a6a3bf61e7eb02b39bb4f8223272d88987abf12929fd7ab0ed6a8263543d146f4e9390fa43e8983a09b466260100cc4a5fd38c35ccc6de2f509445ea2c30898cc4d3c352e73a9d957ce55ad52ad4677376330fac2a088f386b68ebe5d486cc22ff003309ed1c598f491ac5c8759ced98c8f5335a1626058074d1f046f11ccc68998cc4a3fd413bc331cb531188246a00b08b4cf3f2a2b311f945e53e1b8b756b21436d03102f0f0fe24a086a4df620fed30dc1b18f6351c5207ff26987e0d87a0acc6ab31d35244ad45152e37bf489c3d83232f989894e5a873193c1fd89c866cf0eb1565baa87823f88e66308990c8e4252fea2fbe4ab8609f382e4f6bd847ff4e16c941107ea7f530584e65da63b12d470aee353a05bfacc36356ad0573b8d187ac5c4292003b995cdd07be47a38754b54138953b543d2c321f5af91c864cf35302fd0c3f84ca9e23d0d13a0e60d8c462c01265a5600a18d5d8a165d6dbfa415c9b917f7d80989c5ae21d285365365b9626c250c5bd1ac54805750deb2963a89af4c73beac0050a3f78efcd6d2c075619ece263d79e8a375a9820c8fd1bf4ded19a004c03e8e1f632af8cf435af13a0f461ea85254ec6168eebc84998bc6ba556f874d1483bee63626b557bd472def00f427d04e57001f82d626d7b4c0a7363691ec09399e8a66cc22ff0033067d238b31e831b78b90c8fd566021378ab00fa587ef2b78cf43c4832bf4ad273da2523c9a9bcaaa4a32cc6502ac6e2728bc3554adaec0fa4256f708c4f993382d3e7c5b376543fa98695c986930c8e6379c35f99597cc4c5a72d439df2619083aaf2fd65a1378abf446786de6214abea253c2d464e63a0edeb2ad3e47232789d222a9329a53eda9c95ac44af4ef71316a750ebf795286b75300653b4f8b7b009a99c2b0670f87bb0b3bea7d3c84b4b0952929118589191cb8754b541389d3b54273b66560caff004074334d4c0bf42d315c4f0987b82dccdf957533febf5cd753c8a12fa894aaa55a61d0dc18ee88b766007999844214b1fb4f8481d59b5b0dbb5ccc6634d36a7ca158920105f94811956b52e53a11b18e8c8c548d44a913a008aa59809ca008095371158113175a8502a2cc011bdaf2a632830052a03e9de1ad4d81bed1a9f0e617629facab530407c3a14b9ddb4066170c9469228517005c81b9877cd8fcb18dc9c8e5866e5a8263ecf451bd21e9b4b7d4bc66801302f55a6826278be128dd4373b8ecb315c57195ee39b917c9661b0789c4bf2d1a658ff81ee660bf85a92d9b12fce7f22e8263b07f02987c38e40000caa3b79ca34a8101c7ce7f336a655e2386a0129825dc0d5105c8f7f295f88636bb05a602af70adb0f56987ab8735d2994a2ecc40b2d4e76f73a4a286fae9388d25b2b8df632a4483a282fca4f9c2348c22b106628fc5a4a0fda57a010eaaff00b465a6772e3dc5e3a58ee089c1a8200d50dafb096877c84acd653d16947c6262aa7f24087fb12408589814c03a0e4ccaaa4b1000ee662f8f61e902298f88de7b095b88e27127e77d3f28d044c2622bd451469976f21301fc34a2cd896b9fc8bb7dcca5469524094d15547602d0baf3f2f30e6f296989c1f33fcd53968aaf857e5d3d4ca8529604b2a0457f08b5be51a927de603829c4d24a98a7250eab481b0f736986c1e1a80b52a4a9e7616260d3698d60d4bef2a44de0cc02761116c008c348c2342c69a0f94995ebd7e63cace479112a076d4a9888cee140249ed3054968510a2330873aef76b74d0001bcaf5798ff0062cd69bc55e8be556bd1a2bcd51c28f598ae3aa2e28a5ffdcd2be23115daf51cb4a787ad59c253a6598f60270efe162087c4bdbfd8a7f7328d0a345025340aa3b08657c47c35d3c47684926e650c6b2e8f761e7dc46618aabc835a484173f9dbf2fb0ef388d56c516553fcbf8a9450fe6663f31fb0168840b0d84f8800b9d046ab722c0fda5741f01a3c4de0c852012e45c982c069a419308f0711c48fc7fe046c5d663fd432a3737aca15da9b86e40d6f394792ad2565b90446a40768572778514f68697918411be7cfa75a5377d84a74100b300c49fd04ab4191ec0120ed91e8b67bc55eae25c52b52acd4908422da91b832b9aacdccec589ee4de5247aa42221663b002e6607f869dacd886e51f906ff7330f85c3e1d3969530a219f116f695eb2d35b9fb08ceccc49372660f082a02ce34ed3118ac29accaae802e96b812a62eaae1fe123ff501b77e55eed30c803f0ca6058167aa479003e5fde2ba96617b95de066602c96f43021fc4df68569ba30f4b4aaa5490770626f04a34f99bd047d418768b04e553bb5a5402e6c6f2ba72d671eb2c25a5a7f0fb5634ea026e80e9ef2ab22ee6354f211dec232ec6096d2116223800fd0a3861ca1dc5fc8415c0d028b40f448d40061d186b2ba80d71dff78721169336d1918768464a3af8ee15daad27542c48e5b01301fc3d59c03887f869f906ac661a860b08bcb490007bf73ee63627522d0d7689f12a1d231a7874b9d4ca9519dcb3194289ab5428fbfa09c4b13fe930a129ff0051eca83d4e82715a14a8627e1a0d9579cdf763de503598391ccdca9b0b9f4138459aa21e7667a7864173b7ce6f29b6a41deface6516b462c48f92f072998f5b55f7022ef008a02281937611464632998ec37fdc51ef9e1b0588c435a9a5edb9ed30787ab81c3387704b1b803b4f8976b9339841f33463acd8e4d1faf0b4c33dc8d0411a9cab54d2b5d4dadbc276331407c3bf7bde16392dc1942b721894a8e2134de62b0ad49b25eaa541dfd079cf82aa8401bf78c0ac3aada6b514102ec342253c2f773f6952a251a77d87612ad46a8e58e583a0b87a0cefa6976ff00e44aed8ee34ccde1a0a4fa73369fe04e2357e2e32bbdf42e6ded3f874aad475fc4c85bec0da70e00e271f53cea84ff00f81684730046f2b638d2655f844b136de5477e7604ec62d56077bcc4bb35af1779875bbdfca358c1b08afca4902037dfa1d6ea74989a5f0aa69b1d44bce07ca300b6dee6f31ec4b2882011619dc1823ef187552a45ee76128aa8000ed3b416b4c400f4d80eda8fb4c237f28a9fc06d7f4ed2b3305040bf98f49529a8b32f84ff008cc4c15729504c6d25ab87e61e578e2cc6097e8c30466b11af69723d60606574b0bca78477d5b411529d21a0952a0552c4e90a3d7f9cb0036021c311f8a50544aaacc39adda63314d5a9aa01c806a7bdccc1e0861a83a2d4259ea06762375f2989e0b88552cadce6fb01ace1957978b20074b14fb01384eb84e7ef51ddff005311f5b4aa94fe2d3a8db53bb1fb097e617f3d72ab7b98bbca29ca9aee6122020c2f6ed15ae322d680839713a40d20c3b182705c5727353277d44c66ac0c10646768bb47f1468773d0aa598011142a8025c86b882a6d69bb96808bc5e45722e083a5bda606a62cd4acf55cf3739503b0e58851ee2d62775ec7dbd654a651ad3e1bdb6b654bc623385c05cf712a1058cb09cb9de03620888ff113986fdc4ed298beb68585a3b000927412bd66a8de8361286949639d62ef1b782198ae1f4a9d47c4a68555891d89982c30a583a0856c4535bfe9005533941f5dbf7840d009b4abe19410b5502def0932e62778620d3268229b89c40fff0099fedfbe545ca54561d8c2c2ad0561d060d8ca7e187c518471b1c8b4e6266169f2a5cee61c9f8961a9d76467e523b91a186bab2034c86b9b0b6b2b5534e91724dc2edeb285422bd0626eaed53f469528166056c6fe2236b88d4790fcc6fed0e2aa6c008ce5ad78d30b4aee0998dc5dd420d8643a2d952a869bdc7dc42398020e8769cc140020bdec06f2be0788563a52b28dae44ff00a4e347e01fac0a51429dc686182182198aa6f511500d0b0e6f61aca75d905b71e52ad160a0f98b881cda29f9172a8ba4a54c534b77ef0cbda25b94c306d0ed0e493883732aadf737fd27290609c258b52aa87b004422c73306c653f0c3e28654b943e9acb93021987a2a7522379410da626a7c4777fccc4cc3bd7f8c8b49cabb3002c6da99884ab4e9524a8c6a120731329d046a680ae835b41a5a555bac65d6189ab80654a8b4d6c23312721d786a801e526c09d0f918d30583e501dc6a761e50ac6410b5d89f330e76e8672d80a6ddc0b7e914e9291f9064a0732c3ed098627822f8b2630e552a2a212761bc676772c7bc22059c1ffab57fe12b2d9cfaf476329f867e2862282c6fb111939588f28aa49b0112e1574b437072c6d4e4c2566ff69ff3a4e19c1f0b89c2a557763724151a5ad28e030743fa745411ded73fa995a8f395f481795465d88953432c27c327695e9bab5cfd11970bc2b1a6b52a2ffc6010cc4305a351bc94c10ed1b719010ef9e0cf3612a2f935ff0058342444d88f263903a8c9bd44317fa6220c9b2636131158d56b0f08dba383aff59bd84c479e660f0994fc33f142226f2b21e7f79497905bb9c8ea72e32fcb8323cccfe1caff00256a5ecc3f6309d6011b6c8cade28b48e92953026214111d0ab64565ba0c1384e169d7c41e6d420048ccce21f2e0ab9ff691fac10468bd169c39be6a8be6b7fd25516acdef100b9d7213600c520e91858c02c8228b082184cc5620bfcabe1fde0e8e1496c2b1fccffb4aba83d03c2627860f1e4258693f1cfc53b9cb8d392c13c92f382d6e4e234c76752b3bcedd0297355b7611544be91958cab4af753bf69681e68672ce53918cd6f79fc3d4ed42a3fe66b7e9985b4e32e17055079dbf797d6031b78b0f84f4611c2626993e76fd7498c4e5ad7f38bbe6de53633769b8199da325d099500e6395c086a881c4c08e5c0d2f517fd63c233ed13c32d769e826d6c9b713be54d798cfe20d3141763600cc3d6f8789a4ff0095d4fe8601ac0b0010ef906b4151a731f3c997997d44ab458b5c0cf98c0f3e530acaf86217e229ba9dfcd4f919c09d5b04a00f0920c3510372df58aba4aaeb4d6e4ce2950b61ee7bb8c966ed008de0399cab5415a8871f7f7d8c53a0c82dcc3b9caaf32d8798bc51f2afb0cc9bb0108f9662459cc668cc66b01d66101185a63c94478fe2398f0c4f0c1e38348db41b4682017305a8d307f1b787d07e69c75ef8e61e4ab02697328d647c3d3a80dc3a8222b1695345ea114d8ca94daf751d418ca75d90fee3b113821a20d508d6e6b1e53da7c3a7cc1b975f38bb4c4d60efa6c271123e120f36877c905e778fb419998501e8baf71fb180117114e9045049d22530353311ad6fb0872636531093504636533127e68c61c945d8094c5a908f2a78a1c9627844fc621f16436c80942922a1a8e3e55edf98f942ed52a966dc9989e0695ebbd43548e6ed17f8730c37a8c653c22d0a294909e504ef28a584aa6e61c8e60c0629ba8fa08ee8c194d889c37892e21395f471fe6626bf2a7203a98c67113a521ff28dbe49b41bcabda0e8a354d3a80f6d88955031e653b8976517329b0a8fca22285da5a54d7107dc439553a08a42b027612bbaaa6f2a904c30df2a37f8a83cd8402d4c7b46953719a45f0c27e6191cf0f44bbf90dc9f21313583b00ba22e8a253de26d2d0ade1d047de5b23d2952df4559958152411b194b8ab9b0aa2ffee89569b8bab022639b9aa27fc7ff0070c1bc43a41bcabb8f683a4332ec612c7733042f58ff00c7211549ac5bb5cc3955dfed1939c15bf885a7fa0c42a85e756953038a1f82f2a61ebadef49bf4872c28be2690ff007ac61611a54d8669b183bc6de23861ebdc43952a2c6c6ded31150534f84a7fe67ff5952d8cf888a35602255a6fe170dec608e63647787a6df4d5994dc120c7a8ef62c7b5b6c80b458ba98fe2fa1c3d6ece7da3e910ef13b7b6757c6df68be35f7ccc6446dd418f82c2b6f4c0f6d252e1d412b238b82ac0daf0d7b8d56160654f01c8c580ea6342c43920f79874f8a972daf90d650c0f72099569baeca7dc438263e037f43a18caca6cca419fea6ceca3651733198cacec6eda45c4d642795c89ff0054c63003e2b69eb382e2eb57a6fced7e5b432d1c6a21c841f5802600043b410e86f1cdd8f49cf87f81fde553ac5d29318a34c86f2a6e3d8c5f10cc930e4be28726f09cd3710468fe2392d4a8be1623d8da2710c726d887fb9bc1c631fdea06f755988e235eba80c1458ee06b1ead862189d4da576d4cbddad019fc3aa7e1553e6464165443cb78721f5d2a28dd3f43682a618eeae3ee0c55c337fdc6fb8828523a2d5870ca37a9fe2f0e1cdf4753efa46a5546a50fbee33bf470e1fca7ff0094a9b98cdfcb03d60390d8ca9e21ec60f10cce4797ca02bcc35399d8e6b3bfde347f175161585d4ef7959b58a7e61196c44e00a060c9f36882ef024e4bab0860fec4080da13054a83663057a9ef1710c27fa80de200fb887e01ec47b1ffecf860ece0fb8b4f8357f2dfd8de302a6c411ef099804230c0fe624cac35c865f8447f1ff00e33b8cccbcb9f380ea3a961dcfda347edd216c8cc7b45a9f02f18de2a927412970ac4d5a687966070e2861d525236783511b4532aa59cfac1fd801913d56969ccff98c156a81e29f17cd14fda53e205502fc3d07919feae9d4d2c4132d3be4d1c6aa7dc4ee323d00fcc3dc748821dfed1a54dba29522c6710aa130ce04af52ec6589338270e23f9b513d8182d04a63e68b7b895efca262699f848de5a4199fa807d7c38bd4f610cef17710ee63ed9db2ed92f897de1cbb1860821dd7d8c31fc39d2a45cca8ea8b6138b5622881dd8ca8dace140b62e980b7d60d84b980ca22f788b695402a6350e7c395f319969bfd427ac7d0c28f16462e4de16f630c0741ed9365a45f1667c261c84ee9f710ed1fc272a69ccd198534d046624ce36cc052fbc372660310f866e6402f387713ad5abaa3f78572a75820b5b59f1ea13bc188a8047c5e21ff0015bda55055b7e8bcffc400431100010302040206070703020602030000010002030411051221314151101320226171061430324081910723425272a1b12462c1344315335082d1e192a2b2c2d2ffda0008010301013f00ed593a3053a223641ef694d98141c0fc3d95fd838689fdcac1e2986ed1d91a8f88b22c053a1e4aef6a6cdcd0783f097f645578cb231dc8aa77668c21d869447c516829d10458f6a6cd6dd35c08f8c2b1165e32b0f9334410ec353be308054f1e970a99e4b7e36a599a32b0f76591cce450ec047647e325f7540db7b008044044fc13c5c15ff2eb7cd30e83b23508fc648a36dbd80e827e0cac41b95cd7722a9dd9a307b2d47e332a03d80dd147e12be3cd1958749788043b0ddd3bfe8addd1d91f849db761542ec933dbe286dd80b823ff004408edf0af1709ff0077580f34c3703b2dd91f8e70d13a52d7263c387602e08fb02535ae7151d0e6682e72387b0345985c4f8a9636036eac8f9a744e0091a8f6188b48735dc8aa67e68c76588fc600b6454ac0e6aa6908796928748e83ec2faa89c06aa8de6c5db9d826c9fdb74fa764a7562661310d4937e5755f863d80c8c6683703b75f1e68cac364bc607243b0ddd391f677f6e02360afd0e1a2232d479a6edd21047d81dd355348c669c1a161ee74ae738fba373fe1493065c36c10a83cd473df7d41dd5753f5152f670ddbe5da9db761542ec93bdbe281ec05c11f8808044f60a9b499a99eef606c8f6dbbf434db55434f2d54d9468377bb928a36471b58c1668d9555c141c4265cec16331b8189c4782bf65e2e13feeeb41e0530dc0ecb76447c08ed008044f64aa8ff009ad4cf7474843647b453773e47a002728035bac3a2653d2b01162752a47c4d6ddeeb0f30027cf41c5e4f90bff0bd6e84bbbb237c6fa7f2a5c628e3696c6c32103868156e242a618c03f88f7729d3e65116281ec1588b72b9aee45533f3463b2d29deccfb3015ac89edd57bedf351fbbd81b27768a1bf467aaeb07545acb7e2b5ca821c527b935323c81b5ec3e8d599e4dee49e6a38aa8f7c170b715414e6aab628ddb6a5de414983d4fadcb1c4080e170398e4a9fd167b20334e1d66f058cf57d7421800b30eddac423cd19586c99a203921d81ba3b23ecadec8355c057ed9557bb7cd45ee8ec3764eed1e894de9dba00db0b68a388120df45834e23a8682a8300a1755c90cd232321e4c798d83d87516e646c554615e8dd3421b2d530003dd1ab8f9054d86fabc9255be27812b8e48d833383101153d532635058e69d016e6b5c711c4730b1df48a79f089e36454c464b9734bc1d3c0b7fca9247c8f2e71b9e81d8a86dd85503b24ef6a1d91b23f05641a89036f65563650fba3b0dd93bb47a29dedd6379eebbf629b4e58436f7beda2823904edcba1ba8bac30812bfacd3670165386e4b34068becd01a3e817a39e8936ba97d6abebdb4347a86bde402f3e1747d03f456b69278f0ff0048db515cd0e746cccd2d701b3481fcac45ce6d04ecca7358023e7d23b0f176a7fddd634f34c20b4765bb23f020201177b3abd9407b83b0dd93fd8d1d439843331b1d9407bed784c9896852176605619e97e10e743ff12c1e2a8eada1a0e8f00016d18fd07c9547da6e0f4b4d34786618d8dcf616b4756c8dad3b5eccdd627318695a41d5cf03517db54cada09616c75308208f7f7214b829782ea595b28e0dbf793d8f63cb5cd2d70dc1163d8e0b1361043b9154afcd1028761a6c5147db80800113ed2af56a83dc5d60cd609afb8e86a7764aa4a29ea5f660f32760aba8a7a47b5afb588d08e8e2a927232b953086568caef92752bd3e0711621180b4e62ed02c5eb5b5150030dd8cd01e6789465bb47926544ac376b88516222acb22aa6078d83f6737c415594e29aaa4883b306dac79822fd8c423cd19585c978edc90ec83a7b70168113ec7d1afb34f4a71cc92474deaf4e7fdf9eec691cda37726fd86604cc16a23f5b9a4ad2cbb27d9ad70e4ce4562985d6e195d2d2d4c659230fc88e63c0aa0c3ebabea5b052d3493caed991b4b8fecaa212d9435c45da750354ca978a57c0d86339dd72f2c0e7db9026f61e4b01f4762ae6d519e5a884471e663a3a674e091b87653dd4e6964971f34d702010989dd98e32f7868e2a91cc8d8d8d9a01bf8aa8a68aaa94c6ff307882aaa926a690b5edf23c0a8a8a791b76907c15053ca2ec91a5bc894da77c76b146a7156691bc1f34c9713be79ea435a352d681fb955d592544f238bdc5a4e809e1d17e8c3e2cf52c1cc80aae5eb6a657f073c91e5c10e9a9682c2a87bb3c8df143e0c044fb000b88005c9d82f46fec9bd27c544734f1fa8d33bfdc981ce7f4b375e8dfd9c7a258218deda7f59a8047dfcf6758ff6b760b19f48b07c1a9faec42ae381bc013773bf4b46a57a4ff6e75d297c583528819b7ac4c039fe6d6ec16098bc58dd59a7c648aa99c5eea69667b9a3ac23dc79658e471e016318ce3f0ba7a07814510367d353b444c3fab2eaff003712b0af40f1eada43593362a1a3e15356fea58efd23777c82a5a0f42705a533c8e7627524da26bda6384ff7160ef16f9dafc957fa4be924eccc312aaa78d83b91443a885a39358c22ca5200d0dcaa72497724c4eecd2372b5cf54d2ddfbaa47348009dc2aca16ccd746750efdbc5618d3d6491483218b771361f351450bc5d9207f91ba6166c468392ee01dd20f9e8b1a74ee89ac6b5c75bbac344e8cb77ec52131c134bf95b61e6ed3a074ca4061548cbcef721f05644f6e9692aaae76434f03e591c6cd631a5ce3f20bd18fb13c6ebdf1bf1299b4511dd82cf948fe02c1bd05f47bd1f6834944deb46f3bfbf21f99dbe4aa31fc2b0ca491d5f571c110370e79fd80dc95e957db33de5d0e0d0963469eb128d7cdac55f88d7d7d4be7aba992695dbbdee2e2845216dc04d71691626e160fe903210dea3088ea3149a5b0ab9ef3baee36688e323287789bac6ea2a66c6445535f256d4402d51339f9dbd6bb78d9c32b36bf355f8988a57b610336ce79d4a9aa6794f7e42ef328eaa2611751a723d20128f723b5f60a924b3c1baa496e14033968e3c140d82b6ba795ef686bde4869d34e09b4218464747e1621369e71c13a3737deb0f32b15a88dcfb35e0db91ba3d2c8dee75b29556e0c63201bb7bcff00d47ff1d23a26248b054f086043b24abfb202eb40113d8b7461582e2d8ad40868a8e59dfc4305c0f33b00bd1cfb1191f925c5eb03071a780ddde4e795836078260d075541451c0367168bb9dfa9c752aa716c3f0f81d5355551c113377bdc1a17a5ff006e3096c9060b4f9cedeb530b0f3633ff002b12c5b11c4aa5d3d5d5493487f13cdfe4390e889998dc8d3a1f18779a85aff4770e1552586235917f4acbeb4f0bc58cc793ddb33c3554910a6636e3ef0b1d2bbc001a04e24dcee4a11926c35284596f72134dca8f74ed91e8c263a73296bd81f9858df85d3197a80db9b02aab48ca85d6785453580d561e5ae730db8a38742d240880d53606b5b6cba7d7f942e400643a291cf2c2deb4ac429dd14a7527c4abf4305dcb0ba073bef1c07776053db492b9c25818e3ced63f509f8361d27b8f7c47cf3055b83565302eb0923fcecd47cd0450676ae8b80449df641da7b1d913d92bd00fb2dc2712c228f16aa32d645335ff007319c818f638b487db53b705844186d2c029a969e3818dda3630300f90e2abea69a8e39279e76431345dcf7b835a3e657a51f6cb4909921c22313bf6ebe404307e96ee562f8ee2f8b54f5d5b5724efe198e8df0681a04d4e8dc05d46c2e3e09a2c14d21690d1b94292a4301313fcf2954b46d91ed7cadd1874078aab92edad7efdd6c63e67552d2cd1c50c8f01ad96f92e77034bdb92b35a7dff00a273c6cd0839c1c2e99ba76c8a8d84ebc950de29d849dcaa3687d43dde7655dff2c79a06c552cf3000b622fd6c00365864ce686178ca4ee2eb1060655cb6d89cc3feed7a42c6045d483c6e99048fd40d39951d2c17b3e6b7881a0587d09966b9cb9587bcb0fab2cad905ecc7b8e55520001fb2f583d62a3a92ea797bdfedbff85e9050b227453b0584b70efd43b47a0924d81b2eaf4dd1120e37086a3b04a3300536469e97f64f47d8263d4ecc0316a49e7646da59c4d99ee00064adfe0162f4d3ed9b02a773e2c2a9856d4374f58376c4d3fcbd63be90e3d8e5475b5f56f9483dd66cc6fe968d026c237ba11b427398c1aabbe5772098d0027bc31a49e0b08a5f599dd2c83b8dd4aa69ccd131c4586b9472174ec8373be9aac44f5773d534b5d293979db455f4f098239e0d233a16def94ab14d02c7bd65a8519d1a9fb2d49b26d339f1f7387ee8cef0d238aa001b1177358848db06f1dfa23a87c4740a8f13664cce6ebb7303c53a713c6c7116903751cc730b55c1492c51b7339c005512c3592b18c0480752aa289e6321bb8dac9943545e064b5cee7655123a9e8bab0466b5b451c36a50e1bb0dd39e24a42798051273aa1ef4720e6d2b1480cd844b7de3b3c7cbb37e871450728a2126ced57c9346e805644053421c1174d03ed7d153543646f43b7ed5931ee00869201dc7340dfa0e9677029f53c1bf541ae7bb54d6868b0414cfeb240c09cc147838681674b616e365491f570c4c2356b402b186b8c0c2360f015713d4d2b7fb2ff554d52ea699c0b43a370b3d87620a660d1c9791b37dd3af974d7c8ac2e8281f4999f166771d4f32a7c229a68f2b22ea9dc08d6eb13a482965859193ac60bafcee53d30124dbc82a464b11d5c154106792df98a740d744c6b891653b59d63b2edc1036e8048585631d496c536acbf75fc59ffa52b00cae046578b8e8c643ef19e16580c77133b8a731b74f2360aadb988f054cc16b5953b4b69e788eec3fb1d4292c2e561d7113cf20a1636489cc71d1ed2d3f3d14d13e295f1bb763883f2ecc5d5661d666b1fcbbaa981f0b85f50e176b86c4741ba82e1e2fc74556cbc8d70fc62e7cf8a6ec81bf62b210f8caa690b251af1b14d3701123b20d911759482a371d93ea1addb528b9f23935bad80d53a46c640b21383c13a4390f0d15288a2943cb4bb6d0952e290cd246e7c26ccbd80773e2a9716824903482d245813b5d56c61d48e1e456202f381c1ad01555392ccfcb75492b8521634925eecadf02e5491c6d634377dade42daa613624ea6fa9e6b1486a23ad7997f16ad3bf753900eb6503cd471cf90b486907c765253cb1b8070dcd826d1ccf6b734ba792ada674326f769d8a02e543431c8cd883cd54534b03ace1e4781e8c0ea9efa592171be4b3d9e5b108aa881b3465a56120c53cd1f12db8f9290684279e29cc0e3a950303484465a9fd71fff0089ff00daa924496f15447fa57733654c1c0026eb1f8b262721fced6bbea3b002d5ced0261805208e61707ffaf8a960746fb3869c08d884465681fba06c41e4a485eea763cc6ecaddc8f1e17e66c57da6d37a2b472e0d4d8353b5ac344c9e496e5cf7f5dab7313c6dd1757e893dc29adcd5640e69808685757ec14085c54a6da20d29b6e09acb0f1536b214c08ec9a8747a3b8bd1033c15cc73c3a9a56c2e02f6908ee5d55cf21aa92c740506cf3b6cd0096eb6e6a690b20d016b81fe02a36da26e6e0d6927f50cdfe5444bcdc81946d75e90c94dd4c6cd0c99ee3c02634b9c1434f0e5d89b6e494218c1d0906fb1558d707c2d277712a30b1496f3067e51fca8c5de153b6cc52b03da43802085574a617dc7ba7658336cdbf32efa6889d5036527dcd7c520d89b1f9a7b8e5201f74908004ac8144d20852ffa8a63fac7ecb1116a8d142e2293e61515430d85f29e1c97a465a65a7d7be1967795f4e8b741639cdd386ea9feece6734db82cad791a1d4af516be1ea9c6edb5c73613a82aab0fa9a68f3c8d197316defa2a48bad99accd604eaa928a8ea7d01c6e16318c9a9a9a8e520ee5f1cb33afe6632aa7ac7105cfcc000d1737b01a00810b271ba0d0022aa65cac202a2a5ca4bcee4fb106cb775ca739992e4dac132be8983592e7c8a189521fc67e88b83c970d8a6ec8a087452c8c8dee793ab5a72f99d1076c08baa47b619da49b8cd62a7c3a19642d75c68e3607984d692e68e419fb3420eb5c0360163b17769df6ef5f2f894c6bdce1665da38a82e180eba6dcc211b6469b8d55597fad42c26f945d3080c279295e5f2bddcc92a89b77a880ca38275c82ab5b9d9900d4916f34c87d5c46c1f85963e6752b35d02562d33991b08fcdf4513c48d63bf3b3f70ac420d4cbdc7829ec25a6ffbbf858911eb4a33968db7fcc1401a6c4b77e3758ed2810c726e6e1a0f300136e8babaa4191b9df7b13a0fccaa6725e5a036c364da89f468771d3409970fb5f800a511f56ece01601720f82c3db4f24d2cac635ad69203555d6cac91f95dde36173aeca47979d4f926a07a24d184a8a3748fcced90000f637d08e8adabcf7630f746e79abeaa3d484d6d9a3c934f48363d8a36364aea7638d83dc07cd554392726c6d6207d13987232c75205fe5ddff0af972855d1b65a595c436ecb9693c141a9d66d532290005aeba85a3436d956b6d8a78060556ec946fe645bebd1431e80a66815f20e7e6a08036f3c83f403fcd93c92e2535662b183fd30fd6b0a9b35281f91e3e874446aac130dc29c8eba9f4fceb14d2ad0d68d9fa828480dd4ac5e7070d6003695bc7c0a76fd1c543d54b0e52d17b7751372550479eb211fdd7fa6aabb119609cb1ac1cc12a6aea99410e90db92a2a8ead8ff153bf33afd23a2e130b761ec8ac46b3fdb61d7f115aab2805e58c7370565c50dba0a1b0e9bb9ad6bdbbb1d71f25571891b4f336d95cd691f309b72cdb6dc7cca0097173cedb29e21253bdaed2e3bbe09a2e431ed21dc03b63e455234dc98a43a6ec76e14126b948b155047fc565f00d03e8b1490658d83ccf452821a0217d2da950471905f27ba380fc454d33e4373f21cba345f258c3ad14639baff4582bfef9f1df47b484d712d04f140e8536dcf8298ff5107e87ff00858a7faa1e48bf2d137f504c956261eea561693941ef047821480d11901d41fd93a3735ad278a8dfd5d3c6f1c09e8c1597aa2efcad58d45a31fc891d0d7108f404dd917271ba6a06e3a03c157ed6213be182edddc6c0a04ee5057005caa1767ad8bcfa08436451372821d10eb982a198cb81d0921c0b596b5b968a482485d23f31cb23af9791f045ed6937d4944971b2cad9a79e270b163f33155c1244e150cd760f1fe553bd9244d7df55d6759884eee6f2ab65eb2a1dc8683e499ef04c706b45940064bb8f746e789f009efccebec2da0e03a06e88255d62ef0668dbc9b7faaa193254c47fb822477801c6ff00551ea4202c14d63551f834ac487f54149fe80781083401773f2fcecab1ef043439f9480753bab1b236f506b9bc37f9a2dbd292a639618d9e67a3058ed0b9ff0099cb108f3d149cc7787cba0760bacd44f40283b8ab84635de083ca0f0ae3a18cbac71fdf899c8128057b27c97582c25d3f5876034564421b2714df7876203f7adf1d16035664c367a6249313896fe972a8cfd449cda47fe16cb68cbafad8d95159cd6ccef7b2d89e6890f89c2fb8424ea299e796c3c55338b5b23efb0e8845de140c73a5631bbf13c87346b19eb5140d1dd6e854a034f4004a119b0590ac503bd71d7076164d36b151b8398c23f13015104db5d4dfeae2f97f0e55dad504f904741723926f75bd74bbfe16ab3a764f23b716b28c0235d95335c609987803fb224fab653cd48fcceba73ac1613a5103cf6f9a7c79a373798211d3a0e9d242ca158746cef34d75ba4b4231ab3820f2a399a7458d07b6a735f470164c8267461fae5d53caa681d3bac0580dcaa38db190d02c00436442d822533df08748362b027ba3c6321b81332dbe9a8ccaa233d6c8cfcc08dd5f405544e190bfc8a89a190c6dfed09af75edcd62354d9088d86ed6ee7994e75a30de7bf4426c6e990c9050cd2dbbf96e4f9ec15313eb0c3e29fde034419cd318380560880b1703ac4150b83a8a9fc884cdd6802a9b7adc3e43f9b7f955a2d51e4538b7d45d9b605bfcaaa02489d266b06d8342a0786bec763a20d31cae69e06ca1396e41d6c01ff0005553b2b6dcfa2dd6bf2fe1075f13c9500b52c7f328bf92929ddeb5232db38a7461a15eeeedb85c269d3b45a118f9158c6773222e6fbb7b94da89fab31e73909d93ceaa8a98c508be8e3a954def14ddd14f3a2e0a2f7ba47452c8e64d0ccdbe685c0817dedaaaeeadce8a68f5648d6b9a7cd554796670d838dc29185edc9c091752b98db926cd1a5d5456978cac05a389e251527be7a30f87ac99be62c39955ad030da868e0c542ccd50c4edc2680b60b544e8b1675e6282c2e4cd44c1f95f6faa60085b2aacd2461b6dff00f6d55c3fa97fea2a400e1f3792cc4d091fde14608602381526b266e6354d7e420f21af8853499e426f71c148f2486b773fb0513037281c1478b0898d6f557b0b5d1c69fc2309b546591ef700090068aa65e0133d839b677b02d0e1622eb11c38c2e32463b8771f955052e797ac70eeb76f128054e0dc94ddfa241aa3b2846fd80a27e47df87154389f531086519e2be6691bb7cbc154cf84380fbf36e594e609f594518b333c87c4068ff2aa6692675dc76d80d00e868bc8df34773d181b2f303f9413f33a2a98cbe8ea5a06a6377f0b0aa7789492db58a76a505a2205d68b117e6a8720b057fdcd437916b8206c5016d957b8e426dc0fec43bfc2ab03d65f6d8d8fec98c2ea395bcd86c98ffba7338150fb96472868ba9650e6d80523c35aa2616824fbc774cdd4bba0e4c7d8224b9c9bb7b02d07d8900af56880b3065f01b22c70508b32c8057b2937bf441b147b2d91ed1607445c494f75ac81ba22ce518b124fe53d3800b31c7994f7e4a79dc4136638fec998b52fe4735478951bbf1fd4264f03ed691a7e7d276550fcd33cf8a0b0320cf3379c655ce850baac687f54d1c5d6ff00e42ca5ef885dcd815100406a7b4b5ee1c8d947258853481d60139e028c171ce7e43a1a8c4f79eeb4952432c76ccc216b953421f08005b226e9c9c2ca21667b098d8b53149c14ccc908e674f974e086f08f0bdd549fe92a3f43bf84104136591bb3dc3c8a6e2156dff7094716a8c8e05add911aefd1839b573073042160d43566db2ab70686bf8b5cd77d0829dac517f6b9cd547e6abda595b503fbdc9d9b8354b3db4d946f6b86e10947142c543480c2d71ddc7454f4d1b1a2cd4e85a46ad053a920172236ac5608a3730b1b6bdd05743e086815c95c514350983b83b27a6a3de6a626373cf18f15572073f4d86dd05602f2247b78291c0c32fe9720021d87fba7a70e765ad84ff723a38a61218abcde178e362ae321fd6d77ff0020a8ac562eccb884be394fd40e83aee8c109de36fd02f55801d196f22428e311df2a822fbba71c9a094c1a2b27b7458d9d631e7d208bfc10238b5123822e2385fe68484fe12bad1c8a64d19e36f34083b6bdb9fdf6a6eca99bde7bcf06e51f35511d80774e0800321e66c9e6f049fa0ff0b51d210ba707653a74d29b54c27fbc224662b60aabdc75d46dfb8f3881f9b49546eef0d17a42d02b9a47e28da7f908745ba00b901650c4c1a05c427058d13d7b478276815d5ec47c192b740595cacade41646a05e367fd5091fc9758388210919cd023a253797c9057cac6b7ebf35503ee41f11d1c560c77fd7ffea50b754f04e994f68fba7a61369a33c9c16f20f244aa8b6424289a052c7aefd737e841ff002a888365e910bba99fcdae6fd10e92a039aaa160e2e0837370401002254d5f4f1920bd575475d3b9c36e09db2bd90372134dc7c09286a80ed5fa345a20e238956d6f7511bbc028bcb9d72a61781df2e80b0a972ca41e6d3fe3fcae0ff22acadd3c51f74f4c5acacfd415eeedf8279eea9b62a9c82e00f0948fa8ff00d2a1bd98b1e67f4709becffe421d334a1a16090b9f5cd79e0094c0b82c5eb801d5b1daf1b2249e28a7236b28f751bbbe47c01720101ed586d98f87f29a754c6e68c8e613ae2e86ca95d9676f8e89ae0eb1e6dba3b957ec3bdd3d34e2f3c5fa8269bdd4846552924287df97c2461fadc280589f02562cdbe1aee394b4fef643a26943028a3748ecc560518eba43c9bfca015696b69a425d6d11d49e8213ca739464872ebad35f91f6e494076cfb007b87cc261d540e390a9c77c9e7d111b4ac3c9c15349f771f8023e8a41691e3c4f62e9e7bbd34201ab87f526b85ce889b929c868ea9f10c3f4728ddf7aef32ab0134130e193f8d7a1efcad4c69964b940002cb006b4f5d7f05a05550c7330b1e2e157e1f4ec85ce636c42bf439998aeada06cbab6a6c1136fddba69d3b3ffd9, 'bbbbaaa', 540, 'food', 'number', b'0');
INSERT INTO `products` (`Code`, `Create_Date`, `Image`, `Name`, `Price`, `category`, `Fee`, `exist`) VALUES
('89,89,89,89', '2020-08-10 20:45:24', NULL, 'bbbbaaa', 60, 'sport equipments', 'number', b'0');

--
-- Indexes for dumped tables
--

--
-- Indexes for table `accounts`
--
ALTER TABLE `accounts`
  ADD PRIMARY KEY (`User_Name`);

--
-- Indexes for table `orders`
--
ALTER TABLE `orders`
  ADD PRIMARY KEY (`ID`),
  ADD UNIQUE KEY `UK_sxhpvsj665kmi4f7jdu9d2791` (`Order_Num`);

--
-- Indexes for table `order_details`
--
ALTER TABLE `order_details`
  ADD PRIMARY KEY (`ID`),
  ADD KEY `ORDER_DETAIL_ORD_FK` (`ORDER_ID`),
  ADD KEY `ORDER_DETAIL_PROD_FK` (`PRODUCT_ID`);

--
-- Indexes for table `products`
--
ALTER TABLE `products`
  ADD PRIMARY KEY (`Code`);

--
-- Constraints for dumped tables
--

--
-- Constraints for table `order_details`
--
ALTER TABLE `order_details`
  ADD CONSTRAINT `ORDER_DETAIL_ORD_FK` FOREIGN KEY (`ORDER_ID`) REFERENCES `orders` (`ID`),
  ADD CONSTRAINT `ORDER_DETAIL_PROD_FK` FOREIGN KEY (`PRODUCT_ID`) REFERENCES `products` (`Code`);
COMMIT;

/*!40101 SET CHARACTER_SET_CLIENT=@OLD_CHARACTER_SET_CLIENT */;
/*!40101 SET CHARACTER_SET_RESULTS=@OLD_CHARACTER_SET_RESULTS */;
/*!40101 SET COLLATION_CONNECTION=@OLD_COLLATION_CONNECTION */;
